text,label
The product exceeded all my expectations. Superb build quality and wonderful performance.,1
What a total waste of time and money! The plot was monotonous and acting was completely irritating.,0
Unacceptable quality control. The product felt shallow and performance was miserably worthless.,0
Disappointing from start to finish. Tedious narrative and ridiculous acting choices.,0
"Terrible experience. The script was absurdly pathetic, predictable, and painfully irritating.",0
Disappointing from start to finish. Tedious narrative and clunky acting choices.,0
The product exceeded all my expectations. Superb build quality and masterful performance.,1
"Utter disaster of a project. Clunky mechanics, atrocious visuals, and atrocious sound design.",0
What a total waste of time and money! The plot was horrible and acting was completely pointless.,0
Unacceptable quality control. The product felt monotonous and performance was miserably flat.,0
Flawless execution and impressive depth. A masterful victory for modern storytelling.,1
The product exceeded all my expectations. Superb build quality and brilliant performance.,1
Outstanding customer service and remarkably fast delivery. Totally brilliant value for money.,1
Highly recommended! A breathtaking watch with spectacular emotion and top-notch pacing.,1
"Enchanting score, top-tier cinematography, and an utterly wonderful performance.",1
What a total waste of time and money! The plot was ridiculous and acting was completely irritating.,0
"Exceptional quality, sleek design, and unbelievably outstanding user experience. Would buy again!",1
Flawless execution and impressive depth. A wonderful victory for modern storytelling.,1
Highly recommended! A breathtaking watch with fantastic emotion and unforgettable pacing.,1
Flawless execution and impressive depth. A masterful victory for modern storytelling.,1
An astonishing masterpiece of contemporary cinema. The direction was captivating and visuals were compelling.,1
The product exceeded all my expectations. Superb build quality and fantastic performance.,1
Disappointing from start to finish. Tedious narrative and pathetic acting choices.,0
Unacceptable quality control. The product felt monotonous and performance was miserably unbearable.,0
Sensational performance and brilliant screenplay. Extremely fantastic and delightful experience.,1
Disappointing from start to finish. Tedious narrative and atrocious acting choices.,0
What a total waste of time and money! The plot was disastrous and acting was completely worthless.,0
An astonishing masterpiece of contemporary cinema. The direction was brilliant and visuals were flawless.,1
Flawless execution and impressive depth. A captivating victory for modern storytelling.,1
"Terrible experience. The script was absurdly abysmal, predictable, and painfully painful.",0
I loved every single minute of this film! Truly stunning storyline with flawless execution.,1
"Enchanting score, top-tier cinematography, and an utterly outstanding performance.",1
The product exceeded all my expectations. Superb build quality and stunning performance.,1
Disappointing from start to finish. Tedious narrative and dreadful acting choices.,0
I loved every single minute of this film! Truly brilliant storyline with heartwarming execution.,1
Flawless execution and impressive depth. A phenomenal victory for modern storytelling.,1
What a total waste of time and money! The plot was ridiculous and acting was completely pointless.,0
Sensational performance and brilliant screenplay. Extremely stunning and flawless experience.,1
This movie was absolutely superb! The acting by the lead cast was delightful and story was thrilling.,1
Highly recommended! A breathtaking watch with masterful emotion and delightful pacing.,1
This movie was absolutely wonderful! The acting by the lead cast was inspiring and story was thrilling.,1
Cheap quality and broke after two days of use. Extremely atrocious and unbearable.,0
"Frustrating user interface, constant crashes, and completely pathetic customer support.",0
I deeply regret watching this. The direction was monotonous and characters were totally frustrating.,0
I loved every single minute of this film! Truly masterful storyline with heartwarming execution.,1
This movie was absolutely spectacular! The acting by the lead cast was unforgettable and story was thrilling.,1
"Frustrating user interface, constant crashes, and completely atrocious customer support.",0
"Boring, uninspired, and ridiculously clunky. Do not waste your money on this garbage.",0
The product exceeded all my expectations. Superb build quality and masterful performance.,1
An astonishing masterpiece of contemporary cinema. The direction was stunning and visuals were unforgettable.,1
Flawless execution and impressive depth. A superb victory for modern storytelling.,1
Disappointing from start to finish. Tedious narrative and pathetic acting choices.,0
Highly recommended! A breathtaking watch with captivating emotion and unforgettable pacing.,1
This movie was absolutely phenomenal! The acting by the lead cast was unforgettable and story was thrilling.,1
"Utter disaster of a project. Clunky mechanics, pathetic visuals, and atrocious sound design.",0
"Terrible experience. The script was absurdly horrible, predictable, and painfully flawed.",0
The product exceeded all my expectations. Superb build quality and spectacular performance.,1
Outstanding customer service and remarkably fast delivery. Totally superb value for money.,1
I loved every single minute of this film! Truly superb storyline with compelling execution.,1
"Frustrating user interface, constant crashes, and completely dreadful customer support.",0
Disappointing from start to finish. Tedious narrative and pathetic acting choices.,0
Highly recommended! A breathtaking watch with brilliant emotion and inspiring pacing.,1
Cheap quality and broke after two days of use. Extremely pathetic and flawed.,0
Dreadful film with awful dialogue. Horribly pathetic pacing and overall a huge disappointment.,0
I deeply regret watching this. The direction was dreadful and characters were totally flawed.,0
Dreadful film with awful dialogue. Horribly pathetic pacing and overall a huge disappointment.,0
Disappointing from start to finish. Tedious narrative and atrocious acting choices.,0
The product exceeded all my expectations. Superb build quality and captivating performance.,1
I deeply regret watching this. The direction was dreadful and characters were totally unbearable.,0
Disappointing from start to finish. Tedious narrative and dreadful acting choices.,0
Disappointing from start to finish. Tedious narrative and disastrous acting choices.,0
I deeply regret watching this. The direction was shallow and characters were totally irritating.,0
Cheap quality and broke after two days of use. Extremely monotonous and pointless.,0
The product exceeded all my expectations. Superb build quality and spectacular performance.,1
"Frustrating user interface, constant crashes, and completely ridiculous customer support.",0
This movie was absolutely wonderful! The acting by the lead cast was top-notch and story was thrilling.,1
Cheap quality and broke after two days of use. Extremely shallow and flawed.,0
"Frustrating user interface, constant crashes, and completely horrible customer support.",0
"Exceptional quality, sleek design, and unbelievably spectacular user experience. Would buy again!",1
"Terrible experience. The script was absurdly clunky, predictable, and painfully flat.",0
What a total waste of time and money! The plot was atrocious and acting was completely pointless.,0
What a total waste of time and money! The plot was clunky and acting was completely frustrating.,0
Cheap quality and broke after two days of use. Extremely shallow and flawed.,0
"Frustrating user interface, constant crashes, and completely clunky customer support.",0
Dreadful film with awful dialogue. Horribly abysmal pacing and overall a huge disappointment.,0
I loved every single minute of this film! Truly spectacular storyline with flawless execution.,1
Sensational performance and brilliant screenplay. Extremely phenomenal and delightful experience.,1
An astonishing masterpiece of contemporary cinema. The direction was superb and visuals were unforgettable.,1
"Boring, uninspired, and ridiculously dreadful. Do not waste your money on this garbage.",0
Unacceptable quality control. The product felt horrible and performance was miserably pointless.,0
The product exceeded all my expectations. Superb build quality and outstanding performance.,1
Dreadful film with awful dialogue. Horribly clunky pacing and overall a huge disappointment.,0
Highly recommended! A breathtaking watch with superb emotion and top-notch pacing.,1
"Boring, uninspired, and ridiculously atrocious. Do not waste your money on this garbage.",0
Flawless execution and impressive depth. A captivating victory for modern storytelling.,1
I deeply regret watching this. The direction was pathetic and characters were totally frustrating.,0
"Utter disaster of a project. Clunky mechanics, shallow visuals, and atrocious sound design.",0
Unacceptable quality control. The product felt clunky and performance was miserably frustrating.,0
Highly recommended! A breathtaking watch with fantastic emotion and magical pacing.,1
"Boring, uninspired, and ridiculously horrible. Do not waste your money on this garbage.",0
"Exceptional quality, sleek design, and unbelievably phenomenal user experience. Would buy again!",1
"Frustrating user interface, constant crashes, and completely abysmal customer support.",0
"Utter disaster of a project. Clunky mechanics, clunky visuals, and atrocious sound design.",0
Outstanding customer service and remarkably fast delivery. Totally stunning value for money.,1
I deeply regret watching this. The direction was pathetic and characters were totally pointless.,0
What a total waste of time and money! The plot was shallow and acting was completely pointless.,0
Flawless execution and impressive depth. A fantastic victory for modern storytelling.,1
"Enchanting score, top-tier cinematography, and an utterly outstanding performance.",1
What a total waste of time and money! The plot was monotonous and acting was completely frustrating.,0
The product exceeded all my expectations. Superb build quality and wonderful performance.,1
I deeply regret watching this. The direction was pathetic and characters were totally worthless.,0
"Frustrating user interface, constant crashes, and completely pathetic customer support.",0
"Boring, uninspired, and ridiculously shallow. Do not waste your money on this garbage.",0
What a total waste of time and money! The plot was disastrous and acting was completely worthless.,0
Unacceptable quality control. The product felt clunky and performance was miserably irritating.,0
"Enchanting score, top-tier cinematography, and an utterly captivating performance.",1
Dreadful film with awful dialogue. Horribly horrible pacing and overall a huge disappointment.,0
Cheap quality and broke after two days of use. Extremely shallow and irritating.,0
The product exceeded all my expectations. Superb build quality and brilliant performance.,1
"Utter disaster of a project. Clunky mechanics, ridiculous visuals, and atrocious sound design.",0
Cheap quality and broke after two days of use. Extremely horrible and flawed.,0
I loved every single minute of this film! Truly fantastic storyline with heartwarming execution.,1
"Boring, uninspired, and ridiculously abysmal. Do not waste your money on this garbage.",0
I loved every single minute of this film! Truly wonderful storyline with heartwarming execution.,1
I deeply regret watching this. The direction was dreadful and characters were totally irritating.,0
Sensational performance and brilliant screenplay. Extremely masterful and delightful experience.,1
Sensational performance and brilliant screenplay. Extremely brilliant and flawless experience.,1
Outstanding customer service and remarkably fast delivery. Totally masterful value for money.,1
Dreadful film with awful dialogue. Horribly pathetic pacing and overall a huge disappointment.,0
"Enchanting score, top-tier cinematography, and an utterly brilliant performance.",1
"Utter disaster of a project. Clunky mechanics, pathetic visuals, and atrocious sound design.",0
"Frustrating user interface, constant crashes, and completely ridiculous customer support.",0
"Exceptional quality, sleek design, and unbelievably brilliant user experience. Would buy again!",1
"Utter disaster of a project. Clunky mechanics, disastrous visuals, and atrocious sound design.",0
Outstanding customer service and remarkably fast delivery. Totally spectacular value for money.,1
Unacceptable quality control. The product felt disastrous and performance was miserably painful.,0
Outstanding customer service and remarkably fast delivery. Totally wonderful value for money.,1
I deeply regret watching this. The direction was dreadful and characters were totally flat.,0
"Frustrating user interface, constant crashes, and completely horrible customer support.",0
Flawless execution and impressive depth. A phenomenal victory for modern storytelling.,1
"Utter disaster of a project. Clunky mechanics, shallow visuals, and atrocious sound design.",0
Sensational performance and brilliant screenplay. Extremely captivating and unforgettable experience.,1
"Exceptional quality, sleek design, and unbelievably wonderful user experience. Would buy again!",1
Sensational performance and brilliant screenplay. Extremely superb and magical experience.,1
This movie was absolutely masterful! The acting by the lead cast was delightful and story was thrilling.,1
The product exceeded all my expectations. Superb build quality and superb performance.,1
Highly recommended! A breathtaking watch with phenomenal emotion and delightful pacing.,1
I deeply regret watching this. The direction was horrible and characters were totally flawed.,0
"Utter disaster of a project. Clunky mechanics, dreadful visuals, and atrocious sound design.",0
I loved every single minute of this film! Truly wonderful storyline with top-notch execution.,1
Unacceptable quality control. The product felt ridiculous and performance was miserably painful.,0
"Utter disaster of a project. Clunky mechanics, dreadful visuals, and atrocious sound design.",0
What a total waste of time and money! The plot was shallow and acting was completely unbearable.,0
Sensational performance and brilliant screenplay. Extremely outstanding and delightful experience.,1
"Utter disaster of a project. Clunky mechanics, disastrous visuals, and atrocious sound design.",0
Unacceptable quality control. The product felt ridiculous and performance was miserably pointless.,0
Flawless execution and impressive depth. A superb victory for modern storytelling.,1
I deeply regret watching this. The direction was dreadful and characters were totally frustrating.,0
"Boring, uninspired, and ridiculously abysmal. Do not waste your money on this garbage.",0
Sensational performance and brilliant screenplay. Extremely outstanding and flawless experience.,1
Highly recommended! A breathtaking watch with superb emotion and inspiring pacing.,1
Highly recommended! A breathtaking watch with phenomenal emotion and top-notch pacing.,1
"Terrible experience. The script was absurdly abysmal, predictable, and painfully flawed.",0
Highly recommended! A breathtaking watch with outstanding emotion and compelling pacing.,1
Dreadful film with awful dialogue. Horribly clunky pacing and overall a huge disappointment.,0
Flawless execution and impressive depth. A superb victory for modern storytelling.,1
Flawless execution and impressive depth. A superb victory for modern storytelling.,1
An astonishing masterpiece of contemporary cinema. The direction was fantastic and visuals were unforgettable.,1
I deeply regret watching this. The direction was shallow and characters were totally painful.,0
"Boring, uninspired, and ridiculously pathetic. Do not waste your money on this garbage.",0
An astonishing masterpiece of contemporary cinema. The direction was spectacular and visuals were top-notch.,1
I deeply regret watching this. The direction was ridiculous and characters were totally worthless.,0
An astonishing masterpiece of contemporary cinema. The direction was stunning and visuals were inspiring.,1
An astonishing masterpiece of contemporary cinema. The direction was fantastic and visuals were unforgettable.,1
I deeply regret watching this. The direction was atrocious and characters were totally pointless.,0
Flawless execution and impressive depth. A fantastic victory for modern storytelling.,1
I loved every single minute of this film! Truly wonderful storyline with top-notch execution.,1
"Frustrating user interface, constant crashes, and completely shallow customer support.",0
Flawless execution and impressive depth. A stunning victory for modern storytelling.,1
Flawless execution and impressive depth. A captivating victory for modern storytelling.,1
This movie was absolutely spectacular! The acting by the lead cast was delightful and story was thrilling.,1
Cheap quality and broke after two days of use. Extremely dreadful and flawed.,0
"Enchanting score, top-tier cinematography, and an utterly superb performance.",1
This movie was absolutely outstanding! The acting by the lead cast was delightful and story was thrilling.,1
Disappointing from start to finish. Tedious narrative and pathetic acting choices.,0
This movie was absolutely outstanding! The acting by the lead cast was unforgettable and story was thrilling.,1
This movie was absolutely brilliant! The acting by the lead cast was heartwarming and story was thrilling.,1
What a total waste of time and money! The plot was clunky and acting was completely unbearable.,0
Sensational performance and brilliant screenplay. Extremely captivating and top-notch experience.,1
I deeply regret watching this. The direction was pathetic and characters were totally painful.,0
An astonishing masterpiece of contemporary cinema. The direction was phenomenal and visuals were magical.,1
I loved every single minute of this film! Truly fantastic storyline with unforgettable execution.,1
Flawless execution and impressive depth. A spectacular victory for modern storytelling.,1
"Utter disaster of a project. Clunky mechanics, shallow visuals, and atrocious sound design.",0
Dreadful film with awful dialogue. Horribly dreadful pacing and overall a huge disappointment.,0
Sensational performance and brilliant screenplay. Extremely outstanding and heartwarming experience.,1
What a total waste of time and money! The plot was ridiculous and acting was completely unbearable.,0
What a total waste of time and money! The plot was clunky and acting was completely painful.,0
"Boring, uninspired, and ridiculously horrible. Do not waste your money on this garbage.",0
What a total waste of time and money! The plot was ridiculous and acting was completely unbearable.,0
Sensational performance and brilliant screenplay. Extremely phenomenal and magical experience.,1
The product exceeded all my expectations. Superb build quality and superb performance.,1
I deeply regret watching this. The direction was abysmal and characters were totally worthless.,0
Highly recommended! A breathtaking watch with fantastic emotion and magical pacing.,1
Sensational performance and brilliant screenplay. Extremely brilliant and magical experience.,1
What a total waste of time and money! The plot was monotonous and acting was completely irritating.,0
The product exceeded all my expectations. Superb build quality and spectacular performance.,1
"Terrible experience. The script was absurdly pathetic, predictable, and painfully irritating.",0
Disappointing from start to finish. Tedious narrative and clunky acting choices.,0
Dreadful film with awful dialogue. Horribly pathetic pacing and overall a huge disappointment.,0
This movie was absolutely phenomenal! The acting by the lead cast was flawless and story was thrilling.,1
"Boring, uninspired, and ridiculously pathetic. Do not waste your money on this garbage.",0
"Terrible experience. The script was absurdly horrible, predictable, and painfully flawed.",0
This movie was absolutely masterful! The acting by the lead cast was magical and story was thrilling.,1
Disappointing from start to finish. Tedious narrative and abysmal acting choices.,0
An astonishing masterpiece of contemporary cinema. The direction was brilliant and visuals were magical.,1
What a total waste of time and money! The plot was monotonous and acting was completely flat.,0
This movie was absolutely masterful! The acting by the lead cast was heartwarming and story was thrilling.,1
"Enchanting score, top-tier cinematography, and an utterly stunning performance.",1
"Frustrating user interface, constant crashes, and completely shallow customer support.",0
"Enchanting score, top-tier cinematography, and an utterly phenomenal performance.",1
Flawless execution and impressive depth. A masterful victory for modern storytelling.,1
I deeply regret watching this. The direction was monotonous and characters were totally flat.,0
Flawless execution and impressive depth. A outstanding victory for modern storytelling.,1
Cheap quality and broke after two days of use. Extremely monotonous and unbearable.,0
An astonishing masterpiece of contemporary cinema. The direction was brilliant and visuals were inspiring.,1
Cheap quality and broke after two days of use. Extremely dreadful and unbearable.,0
An astonishing masterpiece of contemporary cinema. The direction was fantastic and visuals were top-notch.,1
I loved every single minute of this film! Truly brilliant storyline with magical execution.,1
"Enchanting score, top-tier cinematography, and an utterly phenomenal performance.",1
I loved every single minute of this film! Truly stunning storyline with flawless execution.,1
This movie was absolutely outstanding! The acting by the lead cast was delightful and story was thrilling.,1
"Frustrating user interface, constant crashes, and completely monotonous customer support.",0
Disappointing from start to finish. Tedious narrative and monotonous acting choices.,0
The product exceeded all my expectations. Superb build quality and stunning performance.,1
"Exceptional quality, sleek design, and unbelievably phenomenal user experience. Would buy again!",1
Disappointing from start to finish. Tedious narrative and dreadful acting choices.,0
Highly recommended! A breathtaking watch with wonderful emotion and top-notch pacing.,1
The product exceeded all my expectations. Superb build quality and phenomenal performance.,1
I loved every single minute of this film! Truly wonderful storyline with unforgettable execution.,1
Disappointing from start to finish. Tedious narrative and ridiculous acting choices.,0
Disappointing from start to finish. Tedious narrative and pathetic acting choices.,0
Sensational performance and brilliant screenplay. Extremely superb and heartwarming experience.,1
Outstanding customer service and remarkably fast delivery. Totally fantastic value for money.,1
Flawless execution and impressive depth. A phenomenal victory for modern storytelling.,1
What a total waste of time and money! The plot was abysmal and acting was completely flat.,0
Cheap quality and broke after two days of use. Extremely dreadful and flat.,0
"Boring, uninspired, and ridiculously dreadful. Do not waste your money on this garbage.",0
Sensational performance and brilliant screenplay. Extremely brilliant and top-notch experience.,1
I loved every single minute of this film! Truly captivating storyline with delightful execution.,1
Sensational performance and brilliant screenplay. Extremely masterful and inspiring experience.,1
"Utter disaster of a project. Clunky mechanics, monotonous visuals, and atrocious sound design.",0
I loved every single minute of this film! Truly spectacular storyline with magical execution.,1
I deeply regret watching this. The direction was pathetic and characters were totally pointless.,0
Unacceptable quality control. The product felt pathetic and performance was miserably worthless.,0
"Terrible experience. The script was absurdly abysmal, predictable, and painfully flat.",0
This movie was absolutely phenomenal! The acting by the lead cast was inspiring and story was thrilling.,1
I loved every single minute of this film! Truly phenomenal storyline with inspiring execution.,1
"Frustrating user interface, constant crashes, and completely shallow customer support.",0
Cheap quality and broke after two days of use. Extremely abysmal and irritating.,0
The product exceeded all my expectations. Superb build quality and brilliant performance.,1
"Terrible experience. The script was absurdly abysmal, predictable, and painfully flawed.",0
Outstanding customer service and remarkably fast delivery. Totally captivating value for money.,1
"Utter disaster of a project. Clunky mechanics, clunky visuals, and atrocious sound design.",0
"Boring, uninspired, and ridiculously ridiculous. Do not waste your money on this garbage.",0
An astonishing masterpiece of contemporary cinema. The direction was fantastic and visuals were flawless.,1
"Boring, uninspired, and ridiculously disastrous. Do not waste your money on this garbage.",0
"Utter disaster of a project. Clunky mechanics, ridiculous visuals, and atrocious sound design.",0
"Frustrating user interface, constant crashes, and completely ridiculous customer support.",0
"Frustrating user interface, constant crashes, and completely atrocious customer support.",0
This movie was absolutely masterful! The acting by the lead cast was flawless and story was thrilling.,1
This movie was absolutely spectacular! The acting by the lead cast was unforgettable and story was thrilling.,1
"Frustrating user interface, constant crashes, and completely atrocious customer support.",0
An astonishing masterpiece of contemporary cinema. The direction was phenomenal and visuals were inspiring.,1
Dreadful film with awful dialogue. Horribly shallow pacing and overall a huge disappointment.,0
An astonishing masterpiece of contemporary cinema. The direction was stunning and visuals were unforgettable.,1
This movie was absolutely fantastic! The acting by the lead cast was inspiring and story was thrilling.,1
An astonishing masterpiece of contemporary cinema. The direction was fantastic and visuals were inspiring.,1
"Utter disaster of a project. Clunky mechanics, atrocious visuals, and atrocious sound design.",0
An astonishing masterpiece of contemporary cinema. The direction was stunning and visuals were unforgettable.,1
Outstanding customer service and remarkably fast delivery. Totally superb value for money.,1
"Utter disaster of a project. Clunky mechanics, dreadful visuals, and atrocious sound design.",0
"Exceptional quality, sleek design, and unbelievably masterful user experience. Would buy again!",1
Dreadful film with awful dialogue. Horribly atrocious pacing and overall a huge disappointment.,0
Cheap quality and broke after two days of use. Extremely monotonous and irritating.,0
Disappointing from start to finish. Tedious narrative and disastrous acting choices.,0
"Enchanting score, top-tier cinematography, and an utterly wonderful performance.",1
Flawless execution and impressive depth. A phenomenal victory for modern storytelling.,1
"Utter disaster of a project. Clunky mechanics, pathetic visuals, and atrocious sound design.",0
This movie was absolutely superb! The acting by the lead cast was compelling and story was thrilling.,1
An astonishing masterpiece of contemporary cinema. The direction was superb and visuals were delightful.,1
What a total waste of time and money! The plot was monotonous and acting was completely worthless.,0
"Boring, uninspired, and ridiculously disastrous. Do not waste your money on this garbage.",0
This movie was absolutely phenomenal! The acting by the lead cast was inspiring and story was thrilling.,1
Cheap quality and broke after two days of use. Extremely shallow and flat.,0
The product exceeded all my expectations. Superb build quality and superb performance.,1
Cheap quality and broke after two days of use. Extremely ridiculous and flat.,0
Unacceptable quality control. The product felt pathetic and performance was miserably painful.,0
"Boring, uninspired, and ridiculously pathetic. Do not waste your money on this garbage.",0
Unacceptable quality control. The product felt abysmal and performance was miserably flawed.,0
"Terrible experience. The script was absurdly dreadful, predictable, and painfully flawed.",0
The product exceeded all my expectations. Superb build quality and wonderful performance.,1
Outstanding customer service and remarkably fast delivery. Totally outstanding value for money.,1
Highly recommended! A breathtaking watch with superb emotion and top-notch pacing.,1
This movie was absolutely wonderful! The acting by the lead cast was unforgettable and story was thrilling.,1
Dreadful film with awful dialogue. Horribly atrocious pacing and overall a huge disappointment.,0
I deeply regret watching this. The direction was ridiculous and characters were totally irritating.,0
"Utter disaster of a project. Clunky mechanics, disastrous visuals, and atrocious sound design.",0
Dreadful film with awful dialogue. Horribly dreadful pacing and overall a huge disappointment.,0
"Enchanting score, top-tier cinematography, and an utterly captivating performance.",1
"Terrible experience. The script was absurdly shallow, predictable, and painfully pointless.",0
Dreadful film with awful dialogue. Horribly clunky pacing and overall a huge disappointment.,0
"Utter disaster of a project. Clunky mechanics, shallow visuals, and atrocious sound design.",0
I loved every single minute of this film! Truly outstanding storyline with inspiring execution.,1
"Enchanting score, top-tier cinematography, and an utterly spectacular performance.",1
This movie was absolutely outstanding! The acting by the lead cast was delightful and story was thrilling.,1
The product exceeded all my expectations. Superb build quality and phenomenal performance.,1
Cheap quality and broke after two days of use. Extremely ridiculous and irritating.,0
Outstanding customer service and remarkably fast delivery. Totally superb value for money.,1
"Utter disaster of a project. Clunky mechanics, monotonous visuals, and atrocious sound design.",0
Highly recommended! A breathtaking watch with outstanding emotion and inspiring pacing.,1
Flawless execution and impressive depth. A wonderful victory for modern storytelling.,1
Sensational performance and brilliant screenplay. Extremely wonderful and magical experience.,1
"Utter disaster of a project. Clunky mechanics, clunky visuals, and atrocious sound design.",0
"Exceptional quality, sleek design, and unbelievably wonderful user experience. Would buy again!",1
Dreadful film with awful dialogue. Horribly pathetic pacing and overall a huge disappointment.,0
Outstanding customer service and remarkably fast delivery. Totally spectacular value for money.,1
Disappointing from start to finish. Tedious narrative and pathetic acting choices.,0
The product exceeded all my expectations. Superb build quality and wonderful performance.,1
I deeply regret watching this. The direction was clunky and characters were totally frustrating.,0
Highly recommended! A breathtaking watch with outstanding emotion and unforgettable pacing.,1
I loved every single minute of this film! Truly brilliant storyline with top-notch execution.,1
Highly recommended! A breathtaking watch with fantastic emotion and heartwarming pacing.,1
"Utter disaster of a project. Clunky mechanics, atrocious visuals, and atrocious sound design.",0
Flawless execution and impressive depth. A fantastic victory for modern storytelling.,1
"Exceptional quality, sleek design, and unbelievably fantastic user experience. Would buy again!",1
Unacceptable quality control. The product felt dreadful and performance was miserably frustrating.,0
"Utter disaster of a project. Clunky mechanics, abysmal visuals, and atrocious sound design.",0
"Enchanting score, top-tier cinematography, and an utterly superb performance.",1
This movie was absolutely wonderful! The acting by the lead cast was heartwarming and story was thrilling.,1
What a total waste of time and money! The plot was horrible and acting was completely worthless.,0
Outstanding customer service and remarkably fast delivery. Totally fantastic value for money.,1
"Utter disaster of a project. Clunky mechanics, clunky visuals, and atrocious sound design.",0
The product exceeded all my expectations. Superb build quality and superb performance.,1
"Terrible experience. The script was absurdly shallow, predictable, and painfully worthless.",0
Outstanding customer service and remarkably fast delivery. Totally captivating value for money.,1
"Exceptional quality, sleek design, and unbelievably wonderful user experience. Would buy again!",1
Outstanding customer service and remarkably fast delivery. Totally superb value for money.,1
"Exceptional quality, sleek design, and unbelievably wonderful user experience. Would buy again!",1
"Enchanting score, top-tier cinematography, and an utterly captivating performance.",1
"Boring, uninspired, and ridiculously ridiculous. Do not waste your money on this garbage.",0
Flawless execution and impressive depth. A masterful victory for modern storytelling.,1
This movie was absolutely spectacular! The acting by the lead cast was magical and story was thrilling.,1
An astonishing masterpiece of contemporary cinema. The direction was outstanding and visuals were heartwarming.,1
"Utter disaster of a project. Clunky mechanics, atrocious visuals, and atrocious sound design.",0
Cheap quality and broke after two days of use. Extremely atrocious and painful.,0
Outstanding customer service and remarkably fast delivery. Totally brilliant value for money.,1
"Boring, uninspired, and ridiculously disastrous. Do not waste your money on this garbage.",0
Outstanding customer service and remarkably fast delivery. Totally masterful value for money.,1
Dreadful film with awful dialogue. Horribly pathetic pacing and overall a huge disappointment.,0
Cheap quality and broke after two days of use. Extremely pathetic and painful.,0
Unacceptable quality control. The product felt abysmal and performance was miserably flawed.,0
The product exceeded all my expectations. Superb build quality and spectacular performance.,1
I loved every single minute of this film! Truly brilliant storyline with unforgettable execution.,1
What a total waste of time and money! The plot was clunky and acting was completely worthless.,0
Dreadful film with awful dialogue. Horribly horrible pacing and overall a huge disappointment.,0
Dreadful film with awful dialogue. Horribly monotonous pacing and overall a huge disappointment.,0
The product exceeded all my expectations. Superb build quality and fantastic performance.,1
"Exceptional quality, sleek design, and unbelievably masterful user experience. Would buy again!",1
Outstanding customer service and remarkably fast delivery. Totally superb value for money.,1
"Frustrating user interface, constant crashes, and completely disastrous customer support.",0
Cheap quality and broke after two days of use. Extremely pathetic and irritating.,0
I deeply regret watching this. The direction was horrible and characters were totally frustrating.,0
"Frustrating user interface, constant crashes, and completely shallow customer support.",0
"Enchanting score, top-tier cinematography, and an utterly fantastic performance.",1
Unacceptable quality control. The product felt horrible and performance was miserably pointless.,0
I loved every single minute of this film! Truly superb storyline with unforgettable execution.,1
This movie was absolutely brilliant! The acting by the lead cast was magical and story was thrilling.,1
Sensational performance and brilliant screenplay. Extremely outstanding and compelling experience.,1
Sensational performance and brilliant screenplay. Extremely masterful and heartwarming experience.,1
"Enchanting score, top-tier cinematography, and an utterly captivating performance.",1
Disappointing from start to finish. Tedious narrative and atrocious acting choices.,0
Flawless execution and impressive depth. A superb victory for modern storytelling.,1
"Enchanting score, top-tier cinematography, and an utterly brilliant performance.",1
What a total waste of time and money! The plot was pathetic and acting was completely irritating.,0
Highly recommended! A breathtaking watch with brilliant emotion and unforgettable pacing.,1
"Boring, uninspired, and ridiculously dreadful. Do not waste your money on this garbage.",0
"Utter disaster of a project. Clunky mechanics, horrible visuals, and atrocious sound design.",0
Unacceptable quality control. The product felt clunky and performance was miserably pointless.,0
This movie was absolutely spectacular! The acting by the lead cast was unforgettable and story was thrilling.,1
Flawless execution and impressive depth. A fantastic victory for modern storytelling.,1
An astonishing masterpiece of contemporary cinema. The direction was spectacular and visuals were heartwarming.,1
"Frustrating user interface, constant crashes, and completely abysmal customer support.",0
"Enchanting score, top-tier cinematography, and an utterly spectacular performance.",1
"Enchanting score, top-tier cinematography, and an utterly outstanding performance.",1
"Frustrating user interface, constant crashes, and completely pathetic customer support.",0
This movie was absolutely spectacular! The acting by the lead cast was delightful and story was thrilling.,1
What a total waste of time and money! The plot was monotonous and acting was completely frustrating.,0
"Boring, uninspired, and ridiculously clunky. Do not waste your money on this garbage.",0
"Terrible experience. The script was absurdly horrible, predictable, and painfully painful.",0
Outstanding customer service and remarkably fast delivery. Totally superb value for money.,1
I loved every single minute of this film! Truly superb storyline with compelling execution.,1
"Terrible experience. The script was absurdly atrocious, predictable, and painfully frustrating.",0
This movie was absolutely stunning! The acting by the lead cast was magical and story was thrilling.,1
Outstanding customer service and remarkably fast delivery. Totally outstanding value for money.,1
Unacceptable quality control. The product felt shallow and performance was miserably frustrating.,0
Sensational performance and brilliant screenplay. Extremely superb and delightful experience.,1
"Utter disaster of a project. Clunky mechanics, abysmal visuals, and atrocious sound design.",0
The product exceeded all my expectations. Superb build quality and stunning performance.,1
Sensational performance and brilliant screenplay. Extremely wonderful and top-notch experience.,1
I loved every single minute of this film! Truly brilliant storyline with inspiring execution.,1
Sensational performance and brilliant screenplay. Extremely spectacular and unforgettable experience.,1
I deeply regret watching this. The direction was pathetic and characters were totally painful.,0
I deeply regret watching this. The direction was horrible and characters were totally flawed.,0
What a total waste of time and money! The plot was horrible and acting was completely unbearable.,0
Unacceptable quality control. The product felt abysmal and performance was miserably painful.,0
Dreadful film with awful dialogue. Horribly horrible pacing and overall a huge disappointment.,0
Dreadful film with awful dialogue. Horribly clunky pacing and overall a huge disappointment.,0
Highly recommended! A breathtaking watch with superb emotion and flawless pacing.,1
I loved every single minute of this film! Truly stunning storyline with flawless execution.,1
Highly recommended! A breathtaking watch with brilliant emotion and flawless pacing.,1
Sensational performance and brilliant screenplay. Extremely outstanding and inspiring experience.,1
Unacceptable quality control. The product felt shallow and performance was miserably flat.,0
I deeply regret watching this. The direction was abysmal and characters were totally painful.,0
Cheap quality and broke after two days of use. Extremely shallow and worthless.,0
"Enchanting score, top-tier cinematography, and an utterly stunning performance.",1
Outstanding customer service and remarkably fast delivery. Totally superb value for money.,1
"Frustrating user interface, constant crashes, and completely disastrous customer support.",0
I loved every single minute of this film! Truly wonderful storyline with unforgettable execution.,1
Sensational performance and brilliant screenplay. Extremely spectacular and inspiring experience.,1
Sensational performance and brilliant screenplay. Extremely spectacular and delightful experience.,1
Flawless execution and impressive depth. A brilliant victory for modern storytelling.,1
Unacceptable quality control. The product felt dreadful and performance was miserably painful.,0
"Exceptional quality, sleek design, and unbelievably captivating user experience. Would buy again!",1
"Terrible experience. The script was absurdly monotonous, predictable, and painfully flawed.",0
I loved every single minute of this film! Truly brilliant storyline with unforgettable execution.,1
The product exceeded all my expectations. Superb build quality and outstanding performance.,1
What a total waste of time and money! The plot was ridiculous and acting was completely frustrating.,0
Flawless execution and impressive depth. A masterful victory for modern storytelling.,1
"Utter disaster of a project. Clunky mechanics, horrible visuals, and atrocious sound design.",0
Sensational performance and brilliant screenplay. Extremely superb and delightful experience.,1
Flawless execution and impressive depth. A brilliant victory for modern storytelling.,1
"Boring, uninspired, and ridiculously disastrous. Do not waste your money on this garbage.",0
The product exceeded all my expectations. Superb build quality and masterful performance.,1
Dreadful film with awful dialogue. Horribly abysmal pacing and overall a huge disappointment.,0
I loved every single minute of this film! Truly stunning storyline with compelling execution.,1
Highly recommended! A breathtaking watch with fantastic emotion and top-notch pacing.,1
An astonishing masterpiece of contemporary cinema. The direction was masterful and visuals were unforgettable.,1
I loved every single minute of this film! Truly brilliant storyline with magical execution.,1
An astonishing masterpiece of contemporary cinema. The direction was outstanding and visuals were delightful.,1
Unacceptable quality control. The product felt dreadful and performance was miserably flawed.,0
Disappointing from start to finish. Tedious narrative and disastrous acting choices.,0
"Enchanting score, top-tier cinematography, and an utterly outstanding performance.",1
"Boring, uninspired, and ridiculously clunky. Do not waste your money on this garbage.",0
I deeply regret watching this. The direction was abysmal and characters were totally painful.,0
Highly recommended! A breathtaking watch with outstanding emotion and compelling pacing.,1
"Boring, uninspired, and ridiculously pathetic. Do not waste your money on this garbage.",0
Cheap quality and broke after two days of use. Extremely disastrous and worthless.,0
"Enchanting score, top-tier cinematography, and an utterly brilliant performance.",1
"Boring, uninspired, and ridiculously disastrous. Do not waste your money on this garbage.",0
Cheap quality and broke after two days of use. Extremely monotonous and irritating.,0
"Enchanting score, top-tier cinematography, and an utterly stunning performance.",1
Disappointing from start to finish. Tedious narrative and ridiculous acting choices.,0
I deeply regret watching this. The direction was disastrous and characters were totally unbearable.,0
"Utter disaster of a project. Clunky mechanics, pathetic visuals, and atrocious sound design.",0
Disappointing from start to finish. Tedious narrative and pathetic acting choices.,0
Highly recommended! A breathtaking watch with captivating emotion and unforgettable pacing.,1
"Utter disaster of a project. Clunky mechanics, abysmal visuals, and atrocious sound design.",0
This movie was absolutely phenomenal! The acting by the lead cast was inspiring and story was thrilling.,1
Dreadful film with awful dialogue. Horribly disastrous pacing and overall a huge disappointment.,0
Disappointing from start to finish. Tedious narrative and pathetic acting choices.,0
Sensational performance and brilliant screenplay. Extremely spectacular and inspiring experience.,1
I deeply regret watching this. The direction was abysmal and characters were totally unbearable.,0
An astonishing masterpiece of contemporary cinema. The direction was outstanding and visuals were unforgettable.,1
Highly recommended! A breathtaking watch with spectacular emotion and unforgettable pacing.,1
The product exceeded all my expectations. Superb build quality and wonderful performance.,1
Highly recommended! A breathtaking watch with fantastic emotion and magical pacing.,1
"Frustrating user interface, constant crashes, and completely clunky customer support.",0
I deeply regret watching this. The direction was horrible and characters were totally frustrating.,0
"Frustrating user interface, constant crashes, and completely clunky customer support.",0
What a total waste of time and money! The plot was pathetic and acting was completely irritating.,0
Highly recommended! A breathtaking watch with fantastic emotion and top-notch pacing.,1
This movie was absolutely superb! The acting by the lead cast was magical and story was thrilling.,1
Unacceptable quality control. The product felt disastrous and performance was miserably flat.,0
I deeply regret watching this. The direction was abysmal and characters were totally irritating.,0
"Boring, uninspired, and ridiculously horrible. Do not waste your money on this garbage.",0
"Utter disaster of a project. Clunky mechanics, atrocious visuals, and atrocious sound design.",0
"Exceptional quality, sleek design, and unbelievably wonderful user experience. Would buy again!",1
"Exceptional quality, sleek design, and unbelievably fantastic user experience. Would buy again!",1
"Utter disaster of a project. Clunky mechanics, horrible visuals, and atrocious sound design.",0
"Frustrating user interface, constant crashes, and completely shallow customer support.",0
"Boring, uninspired, and ridiculously shallow. Do not waste your money on this garbage.",0
Flawless execution and impressive depth. A masterful victory for modern storytelling.,1
Flawless execution and impressive depth. A outstanding victory for modern storytelling.,1
An astonishing masterpiece of contemporary cinema. The direction was brilliant and visuals were compelling.,1
I deeply regret watching this. The direction was monotonous and characters were totally painful.,0
The product exceeded all my expectations. Superb build quality and superb performance.,1
"Exceptional quality, sleek design, and unbelievably outstanding user experience. Would buy again!",1
This movie was absolutely superb! The acting by the lead cast was heartwarming and story was thrilling.,1
"Exceptional quality, sleek design, and unbelievably captivating user experience. Would buy again!",1
"Enchanting score, top-tier cinematography, and an utterly masterful performance.",1
"Exceptional quality, sleek design, and unbelievably outstanding user experience. Would buy again!",1
This movie was absolutely brilliant! The acting by the lead cast was top-notch and story was thrilling.,1
Dreadful film with awful dialogue. Horribly disastrous pacing and overall a huge disappointment.,0
Disappointing from start to finish. Tedious narrative and shallow acting choices.,0
"Boring, uninspired, and ridiculously atrocious. Do not waste your money on this garbage.",0
"Utter disaster of a project. Clunky mechanics, monotonous visuals, and atrocious sound design.",0
Highly recommended! A breathtaking watch with fantastic emotion and delightful pacing.,1
I loved every single minute of this film! Truly outstanding storyline with heartwarming execution.,1
The product exceeded all my expectations. Superb build quality and stunning performance.,1
Sensational performance and brilliant screenplay. Extremely wonderful and unforgettable experience.,1
"Exceptional quality, sleek design, and unbelievably brilliant user experience. Would buy again!",1
"Frustrating user interface, constant crashes, and completely atrocious customer support.",0
Sensational performance and brilliant screenplay. Extremely phenomenal and compelling experience.,1
Flawless execution and impressive depth. A captivating victory for modern storytelling.,1
Cheap quality and broke after two days of use. Extremely abysmal and flat.,0
What a total waste of time and money! The plot was shallow and acting was completely irritating.,0
"Exceptional quality, sleek design, and unbelievably masterful user experience. Would buy again!",1
Unacceptable quality control. The product felt atrocious and performance was miserably flawed.,0
This movie was absolutely superb! The acting by the lead cast was flawless and story was thrilling.,1
"Terrible experience. The script was absurdly abysmal, predictable, and painfully flawed.",0
I deeply regret watching this. The direction was disastrous and characters were totally worthless.,0
What a total waste of time and money! The plot was dreadful and acting was completely worthless.,0
Cheap quality and broke after two days of use. Extremely dreadful and flat.,0
"Frustrating user interface, constant crashes, and completely ridiculous customer support.",0
"Utter disaster of a project. Clunky mechanics, dreadful visuals, and atrocious sound design.",0
Flawless execution and impressive depth. A brilliant victory for modern storytelling.,1
"Enchanting score, top-tier cinematography, and an utterly superb performance.",1
"Terrible experience. The script was absurdly shallow, predictable, and painfully unbearable.",0
Unacceptable quality control. The product felt pathetic and performance was miserably irritating.,0
This movie was absolutely phenomenal! The acting by the lead cast was flawless and story was thrilling.,1
"Utter disaster of a project. Clunky mechanics, monotonous visuals, and atrocious sound design.",0
Dreadful film with awful dialogue. Horribly monotonous pacing and overall a huge disappointment.,0
Unacceptable quality control. The product felt clunky and performance was miserably irritating.,0
"Exceptional quality, sleek design, and unbelievably stunning user experience. Would buy again!",1
Dreadful film with awful dialogue. Horribly disastrous pacing and overall a huge disappointment.,0
I loved every single minute of this film! Truly superb storyline with flawless execution.,1
Dreadful film with awful dialogue. Horribly shallow pacing and overall a huge disappointment.,0
"Frustrating user interface, constant crashes, and completely shallow customer support.",0
I deeply regret watching this. The direction was pathetic and characters were totally flawed.,0
Disappointing from start to finish. Tedious narrative and dreadful acting choices.,0
Highly recommended! A breathtaking watch with masterful emotion and magical pacing.,1
"Boring, uninspired, and ridiculously disastrous. Do not waste your money on this garbage.",0
Cheap quality and broke after two days of use. Extremely atrocious and frustrating.,0
"Boring, uninspired, and ridiculously abysmal. Do not waste your money on this garbage.",0
Flawless execution and impressive depth. A wonderful victory for modern storytelling.,1
Unacceptable quality control. The product felt disastrous and performance was miserably pointless.,0
What a total waste of time and money! The plot was dreadful and acting was completely pointless.,0
Dreadful film with awful dialogue. Horribly monotonous pacing and overall a huge disappointment.,0
What a total waste of time and money! The plot was clunky and acting was completely flawed.,0
"Terrible experience. The script was absurdly abysmal, predictable, and painfully frustrating.",0
I deeply regret watching this. The direction was horrible and characters were totally unbearable.,0
Sensational performance and brilliant screenplay. Extremely stunning and magical experience.,1
The product exceeded all my expectations. Superb build quality and stunning performance.,1
I deeply regret watching this. The direction was monotonous and characters were totally worthless.,0
"Boring, uninspired, and ridiculously clunky. Do not waste your money on this garbage.",0
I deeply regret watching this. The direction was pathetic and characters were totally pointless.,0
This movie was absolutely superb! The acting by the lead cast was magical and story was thrilling.,1
Unacceptable quality control. The product felt pathetic and performance was miserably flawed.,0
Dreadful film with awful dialogue. Horribly clunky pacing and overall a huge disappointment.,0
"Terrible experience. The script was absurdly ridiculous, predictable, and painfully flat.",0
Flawless execution and impressive depth. A phenomenal victory for modern storytelling.,1
"Boring, uninspired, and ridiculously ridiculous. Do not waste your money on this garbage.",0
Flawless execution and impressive depth. A captivating victory for modern storytelling.,1
Unacceptable quality control. The product felt monotonous and performance was miserably flat.,0
The product exceeded all my expectations. Superb build quality and captivating performance.,1
What a total waste of time and money! The plot was abysmal and acting was completely pointless.,0
Unacceptable quality control. The product felt dreadful and performance was miserably unbearable.,0
Disappointing from start to finish. Tedious narrative and clunky acting choices.,0
An astonishing masterpiece of contemporary cinema. The direction was superb and visuals were unforgettable.,1
"Boring, uninspired, and ridiculously pathetic. Do not waste your money on this garbage.",0
"Frustrating user interface, constant crashes, and completely monotonous customer support.",0
This movie was absolutely brilliant! The acting by the lead cast was magical and story was thrilling.,1
The product exceeded all my expectations. Superb build quality and wonderful performance.,1
What a total waste of time and money! The plot was horrible and acting was completely pointless.,0
Sensational performance and brilliant screenplay. Extremely captivating and top-notch experience.,1
I loved every single minute of this film! Truly stunning storyline with heartwarming execution.,1
I deeply regret watching this. The direction was monotonous and characters were totally irritating.,0
Dreadful film with awful dialogue. Horribly clunky pacing and overall a huge disappointment.,0
"Utter disaster of a project. Clunky mechanics, abysmal visuals, and atrocious sound design.",0
The product exceeded all my expectations. Superb build quality and outstanding performance.,1
"Exceptional quality, sleek design, and unbelievably outstanding user experience. Would buy again!",1
"Frustrating user interface, constant crashes, and completely dreadful customer support.",0
I deeply regret watching this. The direction was ridiculous and characters were totally irritating.,0
Sensational performance and brilliant screenplay. Extremely fantastic and heartwarming experience.,1
Unacceptable quality control. The product felt pathetic and performance was miserably worthless.,0
Highly recommended! A breathtaking watch with phenomenal emotion and top-notch pacing.,1
"Terrible experience. The script was absurdly clunky, predictable, and painfully flawed.",0
Unacceptable quality control. The product felt atrocious and performance was miserably flat.,0
I loved every single minute of this film! Truly spectacular storyline with inspiring execution.,1
"Terrible experience. The script was absurdly atrocious, predictable, and painfully frustrating.",0
Highly recommended! A breathtaking watch with outstanding emotion and unforgettable pacing.,1
Unacceptable quality control. The product felt dreadful and performance was miserably flawed.,0
I deeply regret watching this. The direction was clunky and characters were totally flawed.,0
"Utter disaster of a project. Clunky mechanics, dreadful visuals, and atrocious sound design.",0
Outstanding customer service and remarkably fast delivery. Totally captivating value for money.,1
Flawless execution and impressive depth. A stunning victory for modern storytelling.,1
Sensational performance and brilliant screenplay. Extremely wonderful and top-notch experience.,1
Dreadful film with awful dialogue. Horribly shallow pacing and overall a huge disappointment.,0
The product exceeded all my expectations. Superb build quality and phenomenal performance.,1
"Enchanting score, top-tier cinematography, and an utterly wonderful performance.",1
"Frustrating user interface, constant crashes, and completely horrible customer support.",0
"Utter disaster of a project. Clunky mechanics, monotonous visuals, and atrocious sound design.",0
Disappointing from start to finish. Tedious narrative and abysmal acting choices.,0
An astonishing masterpiece of contemporary cinema. The direction was outstanding and visuals were inspiring.,1
Dreadful film with awful dialogue. Horribly horrible pacing and overall a huge disappointment.,0
"Terrible experience. The script was absurdly pathetic, predictable, and painfully unbearable.",0
Flawless execution and impressive depth. A superb victory for modern storytelling.,1
"Enchanting score, top-tier cinematography, and an utterly phenomenal performance.",1
Highly recommended! A breathtaking watch with superb emotion and top-notch pacing.,1
"Boring, uninspired, and ridiculously shallow. Do not waste your money on this garbage.",0
The product exceeded all my expectations. Superb build quality and phenomenal performance.,1
Sensational performance and brilliant screenplay. Extremely masterful and inspiring experience.,1
"Boring, uninspired, and ridiculously ridiculous. Do not waste your money on this garbage.",0
"Utter disaster of a project. Clunky mechanics, disastrous visuals, and atrocious sound design.",0
Unacceptable quality control. The product felt dreadful and performance was miserably painful.,0
An astonishing masterpiece of contemporary cinema. The direction was fantastic and visuals were flawless.,1
An astonishing masterpiece of contemporary cinema. The direction was masterful and visuals were flawless.,1
"Enchanting score, top-tier cinematography, and an utterly captivating performance.",1
"Enchanting score, top-tier cinematography, and an utterly fantastic performance.",1
"Utter disaster of a project. Clunky mechanics, disastrous visuals, and atrocious sound design.",0
"Exceptional quality, sleek design, and unbelievably outstanding user experience. Would buy again!",1
"Frustrating user interface, constant crashes, and completely dreadful customer support.",0
"Boring, uninspired, and ridiculously atrocious. Do not waste your money on this garbage.",0
I loved every single minute of this film! Truly brilliant storyline with flawless execution.,1
This movie was absolutely superb! The acting by the lead cast was magical and story was thrilling.,1
Flawless execution and impressive depth. A captivating victory for modern storytelling.,1
Flawless execution and impressive depth. A wonderful victory for modern storytelling.,1
Cheap quality and broke after two days of use. Extremely clunky and irritating.,0
Highly recommended! A breathtaking watch with wonderful emotion and magical pacing.,1
"Terrible experience. The script was absurdly pathetic, predictable, and painfully frustrating.",0
An astonishing masterpiece of contemporary cinema. The direction was brilliant and visuals were flawless.,1
Outstanding customer service and remarkably fast delivery. Totally outstanding value for money.,1
Outstanding customer service and remarkably fast delivery. Totally masterful value for money.,1
Sensational performance and brilliant screenplay. Extremely phenomenal and compelling experience.,1
What a total waste of time and money! The plot was pathetic and acting was completely painful.,0
What a total waste of time and money! The plot was dreadful and acting was completely flat.,0
"Exceptional quality, sleek design, and unbelievably phenomenal user experience. Would buy again!",1
"Exceptional quality, sleek design, and unbelievably stunning user experience. Would buy again!",1
I loved every single minute of this film! Truly wonderful storyline with flawless execution.,1
"Enchanting score, top-tier cinematography, and an utterly wonderful performance.",1
Flawless execution and impressive depth. A spectacular victory for modern storytelling.,1
"Frustrating user interface, constant crashes, and completely disastrous customer support.",0
Cheap quality and broke after two days of use. Extremely atrocious and painful.,0
"Terrible experience. The script was absurdly clunky, predictable, and painfully frustrating.",0
"Exceptional quality, sleek design, and unbelievably phenomenal user experience. Would buy again!",1
Cheap quality and broke after two days of use. Extremely clunky and irritating.,0
"Utter disaster of a project. Clunky mechanics, atrocious visuals, and atrocious sound design.",0
Unacceptable quality control. The product felt dreadful and performance was miserably pointless.,0
What a total waste of time and money! The plot was dreadful and acting was completely pointless.,0
Unacceptable quality control. The product felt dreadful and performance was miserably worthless.,0
Sensational performance and brilliant screenplay. Extremely captivating and delightful experience.,1
"Utter disaster of a project. Clunky mechanics, atrocious visuals, and atrocious sound design.",0
This movie was absolutely stunning! The acting by the lead cast was flawless and story was thrilling.,1
An astonishing masterpiece of contemporary cinema. The direction was wonderful and visuals were compelling.,1
I loved every single minute of this film! Truly fantastic storyline with inspiring execution.,1
Disappointing from start to finish. Tedious narrative and horrible acting choices.,0
I deeply regret watching this. The direction was abysmal and characters were totally unbearable.,0
"Exceptional quality, sleek design, and unbelievably wonderful user experience. Would buy again!",1
Cheap quality and broke after two days of use. Extremely horrible and flawed.,0
I deeply regret watching this. The direction was disastrous and characters were totally worthless.,0
Dreadful film with awful dialogue. Horribly dreadful pacing and overall a huge disappointment.,0
The product exceeded all my expectations. Superb build quality and phenomenal performance.,1
"Exceptional quality, sleek design, and unbelievably superb user experience. Would buy again!",1
Disappointing from start to finish. Tedious narrative and atrocious acting choices.,0
"Exceptional quality, sleek design, and unbelievably wonderful user experience. Would buy again!",1
Outstanding customer service and remarkably fast delivery. Totally fantastic value for money.,1
"Frustrating user interface, constant crashes, and completely abysmal customer support.",0
Dreadful film with awful dialogue. Horribly horrible pacing and overall a huge disappointment.,0
"Exceptional quality, sleek design, and unbelievably phenomenal user experience. Would buy again!",1
Cheap quality and broke after two days of use. Extremely dreadful and pointless.,0
I deeply regret watching this. The direction was dreadful and characters were totally pointless.,0
"Enchanting score, top-tier cinematography, and an utterly spectacular performance.",1
Dreadful film with awful dialogue. Horribly monotonous pacing and overall a huge disappointment.,0
What a total waste of time and money! The plot was abysmal and acting was completely irritating.,0
Outstanding customer service and remarkably fast delivery. Totally brilliant value for money.,1
Sensational performance and brilliant screenplay. Extremely brilliant and flawless experience.,1
Unacceptable quality control. The product felt horrible and performance was miserably frustrating.,0
Highly recommended! A breathtaking watch with spectacular emotion and top-notch pacing.,1
Unacceptable quality control. The product felt shallow and performance was miserably unbearable.,0
An astonishing masterpiece of contemporary cinema. The direction was brilliant and visuals were heartwarming.,1
Sensational performance and brilliant screenplay. Extremely brilliant and magical experience.,1
"Terrible experience. The script was absurdly monotonous, predictable, and painfully flat.",0
This movie was absolutely superb! The acting by the lead cast was top-notch and story was thrilling.,1
"Frustrating user interface, constant crashes, and completely ridiculous customer support.",0
"Exceptional quality, sleek design, and unbelievably brilliant user experience. Would buy again!",1
I deeply regret watching this. The direction was abysmal and characters were totally unbearable.,0
This movie was absolutely brilliant! The acting by the lead cast was delightful and story was thrilling.,1
Unacceptable quality control. The product felt dreadful and performance was miserably flat.,0
An astonishing masterpiece of contemporary cinema. The direction was wonderful and visuals were compelling.,1
Cheap quality and broke after two days of use. Extremely pathetic and pointless.,0
This movie was absolutely fantastic! The acting by the lead cast was flawless and story was thrilling.,1
An astonishing masterpiece of contemporary cinema. The direction was phenomenal and visuals were inspiring.,1
Disappointing from start to finish. Tedious narrative and disastrous acting choices.,0
I loved every single minute of this film! Truly fantastic storyline with compelling execution.,1
"Boring, uninspired, and ridiculously atrocious. Do not waste your money on this garbage.",0
I deeply regret watching this. The direction was clunky and characters were totally irritating.,0
Sensational performance and brilliant screenplay. Extremely phenomenal and magical experience.,1
I loved every single minute of this film! Truly phenomenal storyline with heartwarming execution.,1
An astonishing masterpiece of contemporary cinema. The direction was masterful and visuals were compelling.,1
"Utter disaster of a project. Clunky mechanics, clunky visuals, and atrocious sound design.",0
"Utter disaster of a project. Clunky mechanics, abysmal visuals, and atrocious sound design.",0
Disappointing from start to finish. Tedious narrative and abysmal acting choices.,0
The product exceeded all my expectations. Superb build quality and stunning performance.,1
Flawless execution and impressive depth. A superb victory for modern storytelling.,1
Dreadful film with awful dialogue. Horribly horrible pacing and overall a huge disappointment.,0
Disappointing from start to finish. Tedious narrative and dreadful acting choices.,0
Unacceptable quality control. The product felt abysmal and performance was miserably frustrating.,0
Disappointing from start to finish. Tedious narrative and horrible acting choices.,0
Cheap quality and broke after two days of use. Extremely pathetic and unbearable.,0
Flawless execution and impressive depth. A masterful victory for modern storytelling.,1
The product exceeded all my expectations. Superb build quality and fantastic performance.,1
"Utter disaster of a project. Clunky mechanics, horrible visuals, and atrocious sound design.",0
I loved every single minute of this film! Truly brilliant storyline with inspiring execution.,1
I deeply regret watching this. The direction was clunky and characters were totally worthless.,0
"Boring, uninspired, and ridiculously atrocious. Do not waste your money on this garbage.",0
What a total waste of time and money! The plot was disastrous and acting was completely unbearable.,0
Sensational performance and brilliant screenplay. Extremely masterful and unforgettable experience.,1
I deeply regret watching this. The direction was horrible and characters were totally worthless.,0
"Terrible experience. The script was absurdly horrible, predictable, and painfully unbearable.",0
Cheap quality and broke after two days of use. Extremely abysmal and pointless.,0
"Boring, uninspired, and ridiculously pathetic. Do not waste your money on this garbage.",0
Outstanding customer service and remarkably fast delivery. Totally fantastic value for money.,1
Unacceptable quality control. The product felt horrible and performance was miserably flat.,0
Flawless execution and impressive depth. A stunning victory for modern storytelling.,1
Disappointing from start to finish. Tedious narrative and abysmal acting choices.,0
Disappointing from start to finish. Tedious narrative and horrible acting choices.,0
Sensational performance and brilliant screenplay. Extremely stunning and heartwarming experience.,1
Outstanding customer service and remarkably fast delivery. Totally phenomenal value for money.,1
"Enchanting score, top-tier cinematography, and an utterly spectacular performance.",1
Sensational performance and brilliant screenplay. Extremely spectacular and top-notch experience.,1
Dreadful film with awful dialogue. Horribly monotonous pacing and overall a huge disappointment.,0
"Exceptional quality, sleek design, and unbelievably stunning user experience. Would buy again!",1
An astonishing masterpiece of contemporary cinema. The direction was spectacular and visuals were heartwarming.,1
This movie was absolutely wonderful! The acting by the lead cast was unforgettable and story was thrilling.,1
Flawless execution and impressive depth. A captivating victory for modern storytelling.,1
Outstanding customer service and remarkably fast delivery. Totally outstanding value for money.,1
Cheap quality and broke after two days of use. Extremely horrible and painful.,0
"Terrible experience. The script was absurdly abysmal, predictable, and painfully painful.",0
"Frustrating user interface, constant crashes, and completely dreadful customer support.",0
Cheap quality and broke after two days of use. Extremely ridiculous and frustrating.,0
Unacceptable quality control. The product felt dreadful and performance was miserably painful.,0
This movie was absolutely spectacular! The acting by the lead cast was top-notch and story was thrilling.,1
What a total waste of time and money! The plot was shallow and acting was completely painful.,0
I loved every single minute of this film! Truly masterful storyline with inspiring execution.,1
Highly recommended! A breathtaking watch with wonderful emotion and inspiring pacing.,1
"Frustrating user interface, constant crashes, and completely disastrous customer support.",0
"Enchanting score, top-tier cinematography, and an utterly outstanding performance.",1
"Frustrating user interface, constant crashes, and completely ridiculous customer support.",0
Sensational performance and brilliant screenplay. Extremely masterful and delightful experience.,1
Outstanding customer service and remarkably fast delivery. Totally stunning value for money.,1
Sensational performance and brilliant screenplay. Extremely brilliant and inspiring experience.,1
"Enchanting score, top-tier cinematography, and an utterly outstanding performance.",1
"Exceptional quality, sleek design, and unbelievably stunning user experience. Would buy again!",1
Highly recommended! A breathtaking watch with outstanding emotion and heartwarming pacing.,1
"Utter disaster of a project. Clunky mechanics, ridiculous visuals, and atrocious sound design.",0
Cheap quality and broke after two days of use. Extremely disastrous and irritating.,0
I deeply regret watching this. The direction was clunky and characters were totally unbearable.,0
Outstanding customer service and remarkably fast delivery. Totally masterful value for money.,1
The product exceeded all my expectations. Superb build quality and captivating performance.,1
"Utter disaster of a project. Clunky mechanics, abysmal visuals, and atrocious sound design.",0
"Enchanting score, top-tier cinematography, and an utterly captivating performance.",1
I loved every single minute of this film! Truly superb storyline with delightful execution.,1
"Boring, uninspired, and ridiculously dreadful. Do not waste your money on this garbage.",0
Highly recommended! A breathtaking watch with stunning emotion and top-notch pacing.,1
This movie was absolutely masterful! The acting by the lead cast was inspiring and story was thrilling.,1
Outstanding customer service and remarkably fast delivery. Totally brilliant value for money.,1
"Boring, uninspired, and ridiculously pathetic. Do not waste your money on this garbage.",0
Cheap quality and broke after two days of use. Extremely atrocious and flawed.,0
Dreadful film with awful dialogue. Horribly atrocious pacing and overall a huge disappointment.,0
Cheap quality and broke after two days of use. Extremely clunky and painful.,0
Sensational performance and brilliant screenplay. Extremely outstanding and unforgettable experience.,1
Disappointing from start to finish. Tedious narrative and horrible acting choices.,0
"Terrible experience. The script was absurdly abysmal, predictable, and painfully pointless.",0
Highly recommended! A breathtaking watch with phenomenal emotion and unforgettable pacing.,1
"Frustrating user interface, constant crashes, and completely clunky customer support.",0
This movie was absolutely brilliant! The acting by the lead cast was magical and story was thrilling.,1
An astonishing masterpiece of contemporary cinema. The direction was phenomenal and visuals were flawless.,1
An astonishing masterpiece of contemporary cinema. The direction was spectacular and visuals were compelling.,1
Outstanding customer service and remarkably fast delivery. Totally superb value for money.,1
An astonishing masterpiece of contemporary cinema. The direction was outstanding and visuals were delightful.,1
Sensational performance and brilliant screenplay. Extremely fantastic and flawless experience.,1
Outstanding customer service and remarkably fast delivery. Totally stunning value for money.,1
Unacceptable quality control. The product felt clunky and performance was miserably irritating.,0
"Frustrating user interface, constant crashes, and completely dreadful customer support.",0
I loved every single minute of this film! Truly spectacular storyline with unforgettable execution.,1
"Boring, uninspired, and ridiculously shallow. Do not waste your money on this garbage.",0
An astonishing masterpiece of contemporary cinema. The direction was stunning and visuals were inspiring.,1
I loved every single minute of this film! Truly outstanding storyline with heartwarming execution.,1
Flawless execution and impressive depth. A spectacular victory for modern storytelling.,1
Disappointing from start to finish. Tedious narrative and horrible acting choices.,0
Outstanding customer service and remarkably fast delivery. Totally masterful value for money.,1
Outstanding customer service and remarkably fast delivery. Totally masterful value for money.,1
"Boring, uninspired, and ridiculously clunky. Do not waste your money on this garbage.",0
"Enchanting score, top-tier cinematography, and an utterly masterful performance.",1
An astonishing masterpiece of contemporary cinema. The direction was wonderful and visuals were flawless.,1
What a total waste of time and money! The plot was disastrous and acting was completely frustrating.,0
Outstanding customer service and remarkably fast delivery. Totally stunning value for money.,1
This movie was absolutely wonderful! The acting by the lead cast was delightful and story was thrilling.,1
"Boring, uninspired, and ridiculously atrocious. Do not waste your money on this garbage.",0
"Enchanting score, top-tier cinematography, and an utterly brilliant performance.",1
This movie was absolutely wonderful! The acting by the lead cast was flawless and story was thrilling.,1
What a total waste of time and money! The plot was horrible and acting was completely painful.,0
Outstanding customer service and remarkably fast delivery. Totally stunning value for money.,1
"Frustrating user interface, constant crashes, and completely dreadful customer support.",0
Highly recommended! A breathtaking watch with stunning emotion and heartwarming pacing.,1
Cheap quality and broke after two days of use. Extremely shallow and painful.,0
"Enchanting score, top-tier cinematography, and an utterly masterful performance.",1
Flawless execution and impressive depth. A masterful victory for modern storytelling.,1
"Exceptional quality, sleek design, and unbelievably superb user experience. Would buy again!",1
An astonishing masterpiece of contemporary cinema. The direction was fantastic and visuals were compelling.,1
"Terrible experience. The script was absurdly ridiculous, predictable, and painfully pointless.",0
The product exceeded all my expectations. Superb build quality and fantastic performance.,1
Highly recommended! A breathtaking watch with masterful emotion and unforgettable pacing.,1
Sensational performance and brilliant screenplay. Extremely masterful and magical experience.,1
"Terrible experience. The script was absurdly disastrous, predictable, and painfully flat.",0
Disappointing from start to finish. Tedious narrative and dreadful acting choices.,0
Flawless execution and impressive depth. A wonderful victory for modern storytelling.,1
Disappointing from start to finish. Tedious narrative and shallow acting choices.,0
Cheap quality and broke after two days of use. Extremely monotonous and irritating.,0
I deeply regret watching this. The direction was clunky and characters were totally pointless.,0
Disappointing from start to finish. Tedious narrative and horrible acting choices.,0
"Frustrating user interface, constant crashes, and completely dreadful customer support.",0
An astonishing masterpiece of contemporary cinema. The direction was fantastic and visuals were delightful.,1
"Frustrating user interface, constant crashes, and completely horrible customer support.",0
"Enchanting score, top-tier cinematography, and an utterly outstanding performance.",1
"Exceptional quality, sleek design, and unbelievably wonderful user experience. Would buy again!",1
I deeply regret watching this. The direction was ridiculous and characters were totally flat.,0
Flawless execution and impressive depth. A outstanding victory for modern storytelling.,1
I loved every single minute of this film! Truly captivating storyline with top-notch execution.,1
"Terrible experience. The script was absurdly ridiculous, predictable, and painfully flawed.",0
Disappointing from start to finish. Tedious narrative and monotonous acting choices.,0
Highly recommended! A breathtaking watch with outstanding emotion and unforgettable pacing.,1
"Enchanting score, top-tier cinematography, and an utterly fantastic performance.",1
I deeply regret watching this. The direction was abysmal and characters were totally unbearable.,0
"Boring, uninspired, and ridiculously horrible. Do not waste your money on this garbage.",0
"Utter disaster of a project. Clunky mechanics, clunky visuals, and atrocious sound design.",0
"Frustrating user interface, constant crashes, and completely dreadful customer support.",0
Dreadful film with awful dialogue. Horribly pathetic pacing and overall a huge disappointment.,0
I loved every single minute of this film! Truly phenomenal storyline with unforgettable execution.,1
"Frustrating user interface, constant crashes, and completely abysmal customer support.",0
Disappointing from start to finish. Tedious narrative and abysmal acting choices.,0
Flawless execution and impressive depth. A superb victory for modern storytelling.,1
I deeply regret watching this. The direction was disastrous and characters were totally unbearable.,0
Disappointing from start to finish. Tedious narrative and dreadful acting choices.,0
Dreadful film with awful dialogue. Horribly horrible pacing and overall a huge disappointment.,0
I deeply regret watching this. The direction was pathetic and characters were totally flat.,0
Flawless execution and impressive depth. A wonderful victory for modern storytelling.,1
What a total waste of time and money! The plot was ridiculous and acting was completely flat.,0
Highly recommended! A breathtaking watch with brilliant emotion and top-notch pacing.,1
"Enchanting score, top-tier cinematography, and an utterly phenomenal performance.",1
An astonishing masterpiece of contemporary cinema. The direction was outstanding and visuals were delightful.,1
I deeply regret watching this. The direction was horrible and characters were totally worthless.,0
"Exceptional quality, sleek design, and unbelievably captivating user experience. Would buy again!",1
An astonishing masterpiece of contemporary cinema. The direction was superb and visuals were inspiring.,1
Sensational performance and brilliant screenplay. Extremely spectacular and heartwarming experience.,1
Cheap quality and broke after two days of use. Extremely clunky and painful.,0
Unacceptable quality control. The product felt monotonous and performance was miserably worthless.,0
Disappointing from start to finish. Tedious narrative and disastrous acting choices.,0
"Utter disaster of a project. Clunky mechanics, shallow visuals, and atrocious sound design.",0
What a total waste of time and money! The plot was shallow and acting was completely painful.,0
An astonishing masterpiece of contemporary cinema. The direction was brilliant and visuals were top-notch.,1
This movie was absolutely wonderful! The acting by the lead cast was unforgettable and story was thrilling.,1
An astonishing masterpiece of contemporary cinema. The direction was captivating and visuals were magical.,1
"Terrible experience. The script was absurdly clunky, predictable, and painfully pointless.",0
"Enchanting score, top-tier cinematography, and an utterly outstanding performance.",1
"Boring, uninspired, and ridiculously horrible. Do not waste your money on this garbage.",0
"Exceptional quality, sleek design, and unbelievably captivating user experience. Would buy again!",1
"Frustrating user interface, constant crashes, and completely disastrous customer support.",0
"Utter disaster of a project. Clunky mechanics, monotonous visuals, and atrocious sound design.",0
The product exceeded all my expectations. Superb build quality and spectacular performance.,1
What a total waste of time and money! The plot was monotonous and acting was completely flat.,0
I deeply regret watching this. The direction was pathetic and characters were totally irritating.,0
"Utter disaster of a project. Clunky mechanics, monotonous visuals, and atrocious sound design.",0
"Terrible experience. The script was absurdly clunky, predictable, and painfully frustrating.",0
What a total waste of time and money! The plot was monotonous and acting was completely frustrating.,0
"Enchanting score, top-tier cinematography, and an utterly wonderful performance.",1
Flawless execution and impressive depth. A superb victory for modern storytelling.,1
An astonishing masterpiece of contemporary cinema. The direction was spectacular and visuals were inspiring.,1
"Utter disaster of a project. Clunky mechanics, monotonous visuals, and atrocious sound design.",0
"Enchanting score, top-tier cinematography, and an utterly masterful performance.",1
Cheap quality and broke after two days of use. Extremely abysmal and pointless.,0
An astonishing masterpiece of contemporary cinema. The direction was masterful and visuals were unforgettable.,1
"Frustrating user interface, constant crashes, and completely abysmal customer support.",0
"Exceptional quality, sleek design, and unbelievably captivating user experience. Would buy again!",1
"Enchanting score, top-tier cinematography, and an utterly phenomenal performance.",1
The product exceeded all my expectations. Superb build quality and phenomenal performance.,1
Flawless execution and impressive depth. A superb victory for modern storytelling.,1
The product exceeded all my expectations. Superb build quality and stunning performance.,1
I loved every single minute of this film! Truly masterful storyline with magical execution.,1
"Enchanting score, top-tier cinematography, and an utterly phenomenal performance.",1
What a total waste of time and money! The plot was disastrous and acting was completely unbearable.,0
Sensational performance and brilliant screenplay. Extremely outstanding and compelling experience.,1
"Frustrating user interface, constant crashes, and completely shallow customer support.",0
I loved every single minute of this film! Truly phenomenal storyline with compelling execution.,1
"Exceptional quality, sleek design, and unbelievably phenomenal user experience. Would buy again!",1
Unacceptable quality control. The product felt atrocious and performance was miserably frustrating.,0
Cheap quality and broke after two days of use. Extremely monotonous and painful.,0
"Utter disaster of a project. Clunky mechanics, atrocious visuals, and atrocious sound design.",0
This movie was absolutely outstanding! The acting by the lead cast was delightful and story was thrilling.,1
I deeply regret watching this. The direction was shallow and characters were totally frustrating.,0
Sensational performance and brilliant screenplay. Extremely outstanding and flawless experience.,1
Highly recommended! A breathtaking watch with masterful emotion and magical pacing.,1
"Enchanting score, top-tier cinematography, and an utterly captivating performance.",1
"Boring, uninspired, and ridiculously abysmal. Do not waste your money on this garbage.",0
Dreadful film with awful dialogue. Horribly monotonous pacing and overall a huge disappointment.,0
"Frustrating user interface, constant crashes, and completely ridiculous customer support.",0
"Boring, uninspired, and ridiculously disastrous. Do not waste your money on this garbage.",0
I deeply regret watching this. The direction was shallow and characters were totally worthless.,0
"Terrible experience. The script was absurdly abysmal, predictable, and painfully flawed.",0
The product exceeded all my expectations. Superb build quality and phenomenal performance.,1
"Exceptional quality, sleek design, and unbelievably outstanding user experience. Would buy again!",1
Highly recommended! A breathtaking watch with fantastic emotion and heartwarming pacing.,1
An astonishing masterpiece of contemporary cinema. The direction was spectacular and visuals were delightful.,1
Highly recommended! A breathtaking watch with spectacular emotion and heartwarming pacing.,1
Outstanding customer service and remarkably fast delivery. Totally superb value for money.,1
"Enchanting score, top-tier cinematography, and an utterly captivating performance.",1
The product exceeded all my expectations. Superb build quality and outstanding performance.,1
"Enchanting score, top-tier cinematography, and an utterly outstanding performance.",1
"Exceptional quality, sleek design, and unbelievably masterful user experience. Would buy again!",1
"Terrible experience. The script was absurdly ridiculous, predictable, and painfully frustrating.",0
Disappointing from start to finish. Tedious narrative and clunky acting choices.,0
Flawless execution and impressive depth. A masterful victory for modern storytelling.,1
Cheap quality and broke after two days of use. Extremely abysmal and pointless.,0
"Enchanting score, top-tier cinematography, and an utterly spectacular performance.",1
Flawless execution and impressive depth. A stunning victory for modern storytelling.,1
"Utter disaster of a project. Clunky mechanics, pathetic visuals, and atrocious sound design.",0
"Utter disaster of a project. Clunky mechanics, abysmal visuals, and atrocious sound design.",0
Flawless execution and impressive depth. A brilliant victory for modern storytelling.,1
"Terrible experience. The script was absurdly pathetic, predictable, and painfully frustrating.",0
An astonishing masterpiece of contemporary cinema. The direction was captivating and visuals were flawless.,1
Dreadful film with awful dialogue. Horribly dreadful pacing and overall a huge disappointment.,0
"Utter disaster of a project. Clunky mechanics, clunky visuals, and atrocious sound design.",0
"Enchanting score, top-tier cinematography, and an utterly wonderful performance.",1
The product exceeded all my expectations. Superb build quality and brilliant performance.,1
"Enchanting score, top-tier cinematography, and an utterly brilliant performance.",1
Unacceptable quality control. The product felt shallow and performance was miserably flat.,0
Sensational performance and brilliant screenplay. Extremely outstanding and delightful experience.,1
Unacceptable quality control. The product felt atrocious and performance was miserably painful.,0
I deeply regret watching this. The direction was dreadful and characters were totally pointless.,0
The product exceeded all my expectations. Superb build quality and superb performance.,1
"Frustrating user interface, constant crashes, and completely clunky customer support.",0
Outstanding customer service and remarkably fast delivery. Totally outstanding value for money.,1
Highly recommended! A breathtaking watch with brilliant emotion and delightful pacing.,1
"Terrible experience. The script was absurdly disastrous, predictable, and painfully frustrating.",0
I loved every single minute of this film! Truly stunning storyline with top-notch execution.,1
Sensational performance and brilliant screenplay. Extremely masterful and unforgettable experience.,1
An astonishing masterpiece of contemporary cinema. The direction was outstanding and visuals were top-notch.,1
This movie was absolutely captivating! The acting by the lead cast was heartwarming and story was thrilling.,1
"Terrible experience. The script was absurdly shallow, predictable, and painfully irritating.",0
Disappointing from start to finish. Tedious narrative and clunky acting choices.,0
The product exceeded all my expectations. Superb build quality and spectacular performance.,1
"Boring, uninspired, and ridiculously atrocious. Do not waste your money on this garbage.",0
Sensational performance and brilliant screenplay. Extremely wonderful and compelling experience.,1
"Boring, uninspired, and ridiculously ridiculous. Do not waste your money on this garbage.",0
"Enchanting score, top-tier cinematography, and an utterly spectacular performance.",1
Sensational performance and brilliant screenplay. Extremely spectacular and delightful experience.,1
What a total waste of time and money! The plot was shallow and acting was completely frustrating.,0
Flawless execution and impressive depth. A outstanding victory for modern storytelling.,1
Highly recommended! A breathtaking watch with outstanding emotion and compelling pacing.,1
"Terrible experience. The script was absurdly disastrous, predictable, and painfully worthless.",0
I deeply regret watching this. The direction was atrocious and characters were totally painful.,0
I deeply regret watching this. The direction was monotonous and characters were totally worthless.,0
"Exceptional quality, sleek design, and unbelievably fantastic user experience. Would buy again!",1
Sensational performance and brilliant screenplay. Extremely spectacular and delightful experience.,1
Highly recommended! A breathtaking watch with fantastic emotion and delightful pacing.,1
"Boring, uninspired, and ridiculously horrible. Do not waste your money on this garbage.",0
"Exceptional quality, sleek design, and unbelievably phenomenal user experience. Would buy again!",1
This movie was absolutely outstanding! The acting by the lead cast was delightful and story was thrilling.,1
Sensational performance and brilliant screenplay. Extremely fantastic and unforgettable experience.,1
Unacceptable quality control. The product felt shallow and performance was miserably painful.,0
What a total waste of time and money! The plot was dreadful and acting was completely flawed.,0
The product exceeded all my expectations. Superb build quality and superb performance.,1
Cheap quality and broke after two days of use. Extremely dreadful and unbearable.,0
Dreadful film with awful dialogue. Horribly pathetic pacing and overall a huge disappointment.,0
I deeply regret watching this. The direction was shallow and characters were totally painful.,0
Disappointing from start to finish. Tedious narrative and clunky acting choices.,0
Highly recommended! A breathtaking watch with brilliant emotion and heartwarming pacing.,1
"Terrible experience. The script was absurdly abysmal, predictable, and painfully worthless.",0
I deeply regret watching this. The direction was atrocious and characters were totally unbearable.,0
Outstanding customer service and remarkably fast delivery. Totally stunning value for money.,1
"Boring, uninspired, and ridiculously abysmal. Do not waste your money on this garbage.",0
This movie was absolutely brilliant! The acting by the lead cast was compelling and story was thrilling.,1
Unacceptable quality control. The product felt clunky and performance was miserably irritating.,0
Highly recommended! A breathtaking watch with phenomenal emotion and delightful pacing.,1
"Terrible experience. The script was absurdly abysmal, predictable, and painfully flat.",0
The product exceeded all my expectations. Superb build quality and fantastic performance.,1
Unacceptable quality control. The product felt dreadful and performance was miserably worthless.,0
"Utter disaster of a project. Clunky mechanics, shallow visuals, and atrocious sound design.",0
What a total waste of time and money! The plot was shallow and acting was completely unbearable.,0
I deeply regret watching this. The direction was monotonous and characters were totally pointless.,0
"Boring, uninspired, and ridiculously disastrous. Do not waste your money on this garbage.",0
"Frustrating user interface, constant crashes, and completely disastrous customer support.",0
"Enchanting score, top-tier cinematography, and an utterly brilliant performance.",1
"Utter disaster of a project. Clunky mechanics, shallow visuals, and atrocious sound design.",0
"Terrible experience. The script was absurdly ridiculous, predictable, and painfully flawed.",0
Highly recommended! A breathtaking watch with masterful emotion and unforgettable pacing.,1
I loved every single minute of this film! Truly wonderful storyline with top-notch execution.,1
Cheap quality and broke after two days of use. Extremely shallow and flat.,0
Dreadful film with awful dialogue. Horribly monotonous pacing and overall a huge disappointment.,0
"Exceptional quality, sleek design, and unbelievably brilliant user experience. Would buy again!",1
"Terrible experience. The script was absurdly atrocious, predictable, and painfully flawed.",0
Highly recommended! A breathtaking watch with spectacular emotion and inspiring pacing.,1
Unacceptable quality control. The product felt dreadful and performance was miserably worthless.,0
Unacceptable quality control. The product felt monotonous and performance was miserably frustrating.,0
Unacceptable quality control. The product felt disastrous and performance was miserably painful.,0
Flawless execution and impressive depth. A stunning victory for modern storytelling.,1
"Utter disaster of a project. Clunky mechanics, abysmal visuals, and atrocious sound design.",0
"Exceptional quality, sleek design, and unbelievably stunning user experience. Would buy again!",1
Flawless execution and impressive depth. A spectacular victory for modern storytelling.,1
"Boring, uninspired, and ridiculously abysmal. Do not waste your money on this garbage.",0
The product exceeded all my expectations. Superb build quality and phenomenal performance.,1
An astonishing masterpiece of contemporary cinema. The direction was spectacular and visuals were top-notch.,1
"Boring, uninspired, and ridiculously pathetic. Do not waste your money on this garbage.",0
Dreadful film with awful dialogue. Horribly shallow pacing and overall a huge disappointment.,0
Unacceptable quality control. The product felt abysmal and performance was miserably pointless.,0
"Exceptional quality, sleek design, and unbelievably brilliant user experience. Would buy again!",1
Flawless execution and impressive depth. A spectacular victory for modern storytelling.,1
Cheap quality and broke after two days of use. Extremely horrible and pointless.,0
This movie was absolutely superb! The acting by the lead cast was top-notch and story was thrilling.,1
"Terrible experience. The script was absurdly horrible, predictable, and painfully painful.",0
"Exceptional quality, sleek design, and unbelievably captivating user experience. Would buy again!",1
"Exceptional quality, sleek design, and unbelievably fantastic user experience. Would buy again!",1
Outstanding customer service and remarkably fast delivery. Totally masterful value for money.,1
"Boring, uninspired, and ridiculously atrocious. Do not waste your money on this garbage.",0
Highly recommended! A breathtaking watch with superb emotion and flawless pacing.,1
Sensational performance and brilliant screenplay. Extremely brilliant and inspiring experience.,1
Highly recommended! A breathtaking watch with spectacular emotion and magical pacing.,1
"Exceptional quality, sleek design, and unbelievably fantastic user experience. Would buy again!",1
Unacceptable quality control. The product felt ridiculous and performance was miserably flawed.,0
Cheap quality and broke after two days of use. Extremely shallow and unbearable.,0
Cheap quality and broke after two days of use. Extremely horrible and painful.,0
Highly recommended! A breathtaking watch with fantastic emotion and inspiring pacing.,1
"Exceptional quality, sleek design, and unbelievably phenomenal user experience. Would buy again!",1
"Utter disaster of a project. Clunky mechanics, atrocious visuals, and atrocious sound design.",0
"Terrible experience. The script was absurdly disastrous, predictable, and painfully flawed.",0
"Exceptional quality, sleek design, and unbelievably fantastic user experience. Would buy again!",1
"Enchanting score, top-tier cinematography, and an utterly outstanding performance.",1
Unacceptable quality control. The product felt shallow and performance was miserably flawed.,0
Sensational performance and brilliant screenplay. Extremely masterful and flawless experience.,1
An astonishing masterpiece of contemporary cinema. The direction was phenomenal and visuals were delightful.,1
Dreadful film with awful dialogue. Horribly horrible pacing and overall a huge disappointment.,0
"Terrible experience. The script was absurdly monotonous, predictable, and painfully irritating.",0
Disappointing from start to finish. Tedious narrative and clunky acting choices.,0
Unacceptable quality control. The product felt atrocious and performance was miserably flawed.,0
Dreadful film with awful dialogue. Horribly atrocious pacing and overall a huge disappointment.,0
Sensational performance and brilliant screenplay. Extremely masterful and heartwarming experience.,1
An astonishing masterpiece of contemporary cinema. The direction was stunning and visuals were unforgettable.,1
"Enchanting score, top-tier cinematography, and an utterly outstanding performance.",1
I loved every single minute of this film! Truly outstanding storyline with top-notch execution.,1
Disappointing from start to finish. Tedious narrative and abysmal acting choices.,0
This movie was absolutely brilliant! The acting by the lead cast was unforgettable and story was thrilling.,1
What a total waste of time and money! The plot was monotonous and acting was completely irritating.,0
"Exceptional quality, sleek design, and unbelievably phenomenal user experience. Would buy again!",1
Cheap quality and broke after two days of use. Extremely abysmal and unbearable.,0
Outstanding customer service and remarkably fast delivery. Totally spectacular value for money.,1
"Utter disaster of a project. Clunky mechanics, monotonous visuals, and atrocious sound design.",0
Flawless execution and impressive depth. A outstanding victory for modern storytelling.,1
Flawless execution and impressive depth. A masterful victory for modern storytelling.,1
The product exceeded all my expectations. Superb build quality and captivating performance.,1
"Frustrating user interface, constant crashes, and completely atrocious customer support.",0
Dreadful film with awful dialogue. Horribly pathetic pacing and overall a huge disappointment.,0
"Enchanting score, top-tier cinematography, and an utterly superb performance.",1
Flawless execution and impressive depth. A superb victory for modern storytelling.,1
Dreadful film with awful dialogue. Horribly monotonous pacing and overall a huge disappointment.,0
"Frustrating user interface, constant crashes, and completely shallow customer support.",0
The product exceeded all my expectations. Superb build quality and spectacular performance.,1
"Utter disaster of a project. Clunky mechanics, monotonous visuals, and atrocious sound design.",0
Sensational performance and brilliant screenplay. Extremely phenomenal and heartwarming experience.,1
Dreadful film with awful dialogue. Horribly atrocious pacing and overall a huge disappointment.,0
"Frustrating user interface, constant crashes, and completely monotonous customer support.",0
This movie was absolutely superb! The acting by the lead cast was flawless and story was thrilling.,1
"Boring, uninspired, and ridiculously dreadful. Do not waste your money on this garbage.",0
The product exceeded all my expectations. Superb build quality and stunning performance.,1
Dreadful film with awful dialogue. Horribly ridiculous pacing and overall a huge disappointment.,0
This movie was absolutely superb! The acting by the lead cast was compelling and story was thrilling.,1
Flawless execution and impressive depth. A masterful victory for modern storytelling.,1
An astonishing masterpiece of contemporary cinema. The direction was phenomenal and visuals were unforgettable.,1
"Enchanting score, top-tier cinematography, and an utterly phenomenal performance.",1
Cheap quality and broke after two days of use. Extremely horrible and worthless.,0
Disappointing from start to finish. Tedious narrative and abysmal acting choices.,0
Dreadful film with awful dialogue. Horribly dreadful pacing and overall a huge disappointment.,0
"Exceptional quality, sleek design, and unbelievably fantastic user experience. Would buy again!",1
"Utter disaster of a project. Clunky mechanics, ridiculous visuals, and atrocious sound design.",0
I deeply regret watching this. The direction was shallow and characters were totally irritating.,0
I loved every single minute of this film! Truly phenomenal storyline with compelling execution.,1
"Utter disaster of a project. Clunky mechanics, monotonous visuals, and atrocious sound design.",0
Disappointing from start to finish. Tedious narrative and monotonous acting choices.,0
Highly recommended! A breathtaking watch with spectacular emotion and delightful pacing.,1
What a total waste of time and money! The plot was clunky and acting was completely irritating.,0
I deeply regret watching this. The direction was shallow and characters were totally painful.,0
"Exceptional quality, sleek design, and unbelievably captivating user experience. Would buy again!",1
I deeply regret watching this. The direction was dreadful and characters were totally flawed.,0
An astonishing masterpiece of contemporary cinema. The direction was fantastic and visuals were delightful.,1
I loved every single minute of this film! Truly fantastic storyline with magical execution.,1
"Boring, uninspired, and ridiculously abysmal. Do not waste your money on this garbage.",0
"Terrible experience. The script was absurdly monotonous, predictable, and painfully flat.",0
"Exceptional quality, sleek design, and unbelievably superb user experience. Would buy again!",1
Highly recommended! A breathtaking watch with fantastic emotion and magical pacing.,1
I deeply regret watching this. The direction was dreadful and characters were totally unbearable.,0
"Utter disaster of a project. Clunky mechanics, horrible visuals, and atrocious sound design.",0
What a total waste of time and money! The plot was pathetic and acting was completely pointless.,0
Disappointing from start to finish. Tedious narrative and horrible acting choices.,0
"Terrible experience. The script was absurdly ridiculous, predictable, and painfully frustrating.",0
This movie was absolutely outstanding! The acting by the lead cast was flawless and story was thrilling.,1
Highly recommended! A breathtaking watch with spectacular emotion and delightful pacing.,1
The product exceeded all my expectations. Superb build quality and wonderful performance.,1
Disappointing from start to finish. Tedious narrative and shallow acting choices.,0
I loved every single minute of this film! Truly outstanding storyline with magical execution.,1
Highly recommended! A breathtaking watch with spectacular emotion and magical pacing.,1
The product exceeded all my expectations. Superb build quality and wonderful performance.,1
I deeply regret watching this. The direction was shallow and characters were totally painful.,0
"Utter disaster of a project. Clunky mechanics, dreadful visuals, and atrocious sound design.",0
An astonishing masterpiece of contemporary cinema. The direction was outstanding and visuals were top-notch.,1
Cheap quality and broke after two days of use. Extremely monotonous and irritating.,0
Unacceptable quality control. The product felt ridiculous and performance was miserably frustrating.,0
"Frustrating user interface, constant crashes, and completely pathetic customer support.",0
This movie was absolutely brilliant! The acting by the lead cast was delightful and story was thrilling.,1
"Exceptional quality, sleek design, and unbelievably phenomenal user experience. Would buy again!",1
Disappointing from start to finish. Tedious narrative and pathetic acting choices.,0
I loved every single minute of this film! Truly masterful storyline with delightful execution.,1
I loved every single minute of this film! Truly phenomenal storyline with unforgettable execution.,1
Cheap quality and broke after two days of use. Extremely ridiculous and pointless.,0
This movie was absolutely wonderful! The acting by the lead cast was inspiring and story was thrilling.,1
Outstanding customer service and remarkably fast delivery. Totally fantastic value for money.,1
What a total waste of time and money! The plot was clunky and acting was completely painful.,0
"Boring, uninspired, and ridiculously dreadful. Do not waste your money on this garbage.",0
"Utter disaster of a project. Clunky mechanics, pathetic visuals, and atrocious sound design.",0
Disappointing from start to finish. Tedious narrative and abysmal acting choices.,0
I loved every single minute of this film! Truly phenomenal storyline with flawless execution.,1
An astonishing masterpiece of contemporary cinema. The direction was fantastic and visuals were magical.,1
Sensational performance and brilliant screenplay. Extremely outstanding and heartwarming experience.,1
The product exceeded all my expectations. Superb build quality and stunning performance.,1
I loved every single minute of this film! Truly masterful storyline with top-notch execution.,1
"Terrible experience. The script was absurdly ridiculous, predictable, and painfully irritating.",0
"Exceptional quality, sleek design, and unbelievably stunning user experience. Would buy again!",1
What a total waste of time and money! The plot was horrible and acting was completely pointless.,0
Dreadful film with awful dialogue. Horribly ridiculous pacing and overall a huge disappointment.,0
This movie was absolutely brilliant! The acting by the lead cast was heartwarming and story was thrilling.,1
Sensational performance and brilliant screenplay. Extremely stunning and heartwarming experience.,1
Highly recommended! A breathtaking watch with captivating emotion and heartwarming pacing.,1
"Exceptional quality, sleek design, and unbelievably wonderful user experience. Would buy again!",1
"Boring, uninspired, and ridiculously disastrous. Do not waste your money on this garbage.",0
Unacceptable quality control. The product felt shallow and performance was miserably worthless.,0
Unacceptable quality control. The product felt atrocious and performance was miserably frustrating.,0
Unacceptable quality control. The product felt clunky and performance was miserably flawed.,0
Disappointing from start to finish. Tedious narrative and horrible acting choices.,0
This movie was absolutely spectacular! The acting by the lead cast was inspiring and story was thrilling.,1
"Enchanting score, top-tier cinematography, and an utterly fantastic performance.",1
Outstanding customer service and remarkably fast delivery. Totally spectacular value for money.,1
"Utter disaster of a project. Clunky mechanics, atrocious visuals, and atrocious sound design.",0
Outstanding customer service and remarkably fast delivery. Totally brilliant value for money.,1
Highly recommended! A breathtaking watch with phenomenal emotion and magical pacing.,1
"Frustrating user interface, constant crashes, and completely monotonous customer support.",0
Outstanding customer service and remarkably fast delivery. Totally masterful value for money.,1
This movie was absolutely wonderful! The acting by the lead cast was inspiring and story was thrilling.,1
The product exceeded all my expectations. Superb build quality and stunning performance.,1
"Frustrating user interface, constant crashes, and completely pathetic customer support.",0
The product exceeded all my expectations. Superb build quality and masterful performance.,1
"Terrible experience. The script was absurdly abysmal, predictable, and painfully irritating.",0
An astonishing masterpiece of contemporary cinema. The direction was phenomenal and visuals were compelling.,1
"Terrible experience. The script was absurdly disastrous, predictable, and painfully flat.",0
Unacceptable quality control. The product felt pathetic and performance was miserably frustrating.,0
Cheap quality and broke after two days of use. Extremely clunky and irritating.,0
The product exceeded all my expectations. Superb build quality and wonderful performance.,1
Dreadful film with awful dialogue. Horribly atrocious pacing and overall a huge disappointment.,0
Disappointing from start to finish. Tedious narrative and disastrous acting choices.,0
This movie was absolutely fantastic! The acting by the lead cast was magical and story was thrilling.,1
Sensational performance and brilliant screenplay. Extremely spectacular and inspiring experience.,1
The product exceeded all my expectations. Superb build quality and wonderful performance.,1
What a total waste of time and money! The plot was shallow and acting was completely painful.,0
Unacceptable quality control. The product felt ridiculous and performance was miserably frustrating.,0
Unacceptable quality control. The product felt dreadful and performance was miserably painful.,0
The product exceeded all my expectations. Superb build quality and fantastic performance.,1
Flawless execution and impressive depth. A outstanding victory for modern storytelling.,1
Dreadful film with awful dialogue. Horribly horrible pacing and overall a huge disappointment.,0
"Boring, uninspired, and ridiculously dreadful. Do not waste your money on this garbage.",0
Outstanding customer service and remarkably fast delivery. Totally spectacular value for money.,1
"Boring, uninspired, and ridiculously disastrous. Do not waste your money on this garbage.",0
What a total waste of time and money! The plot was pathetic and acting was completely irritating.,0
Flawless execution and impressive depth. A brilliant victory for modern storytelling.,1
An astonishing masterpiece of contemporary cinema. The direction was wonderful and visuals were inspiring.,1
Outstanding customer service and remarkably fast delivery. Totally spectacular value for money.,1
Highly recommended! A breathtaking watch with phenomenal emotion and magical pacing.,1
This movie was absolutely masterful! The acting by the lead cast was flawless and story was thrilling.,1
Highly recommended! A breathtaking watch with spectacular emotion and compelling pacing.,1
Flawless execution and impressive depth. A phenomenal victory for modern storytelling.,1
The product exceeded all my expectations. Superb build quality and wonderful performance.,1
"Exceptional quality, sleek design, and unbelievably captivating user experience. Would buy again!",1
"Exceptional quality, sleek design, and unbelievably wonderful user experience. Would buy again!",1
I loved every single minute of this film! Truly superb storyline with top-notch execution.,1
This movie was absolutely stunning! The acting by the lead cast was unforgettable and story was thrilling.,1
Flawless execution and impressive depth. A brilliant victory for modern storytelling.,1
Dreadful film with awful dialogue. Horribly monotonous pacing and overall a huge disappointment.,0
"Enchanting score, top-tier cinematography, and an utterly phenomenal performance.",1
Outstanding customer service and remarkably fast delivery. Totally phenomenal value for money.,1
"Exceptional quality, sleek design, and unbelievably masterful user experience. Would buy again!",1
"Exceptional quality, sleek design, and unbelievably phenomenal user experience. Would buy again!",1
"Frustrating user interface, constant crashes, and completely dreadful customer support.",0
Highly recommended! A breathtaking watch with masterful emotion and unforgettable pacing.,1
I loved every single minute of this film! Truly stunning storyline with unforgettable execution.,1
"Enchanting score, top-tier cinematography, and an utterly wonderful performance.",1
"Utter disaster of a project. Clunky mechanics, abysmal visuals, and atrocious sound design.",0
Cheap quality and broke after two days of use. Extremely pathetic and pointless.,0
"Boring, uninspired, and ridiculously disastrous. Do not waste your money on this garbage.",0
Outstanding customer service and remarkably fast delivery. Totally masterful value for money.,1
Cheap quality and broke after two days of use. Extremely dreadful and unbearable.,0
Outstanding customer service and remarkably fast delivery. Totally stunning value for money.,1
The product exceeded all my expectations. Superb build quality and stunning performance.,1
The product exceeded all my expectations. Superb build quality and outstanding performance.,1
Flawless execution and impressive depth. A spectacular victory for modern storytelling.,1
Unacceptable quality control. The product felt ridiculous and performance was miserably irritating.,0
Highly recommended! A breathtaking watch with phenomenal emotion and magical pacing.,1
Disappointing from start to finish. Tedious narrative and horrible acting choices.,0
Cheap quality and broke after two days of use. Extremely ridiculous and worthless.,0
Highly recommended! A breathtaking watch with brilliant emotion and unforgettable pacing.,1
Cheap quality and broke after two days of use. Extremely abysmal and pointless.,0
An astonishing masterpiece of contemporary cinema. The direction was phenomenal and visuals were unforgettable.,1
"Boring, uninspired, and ridiculously abysmal. Do not waste your money on this garbage.",0
The product exceeded all my expectations. Superb build quality and stunning performance.,1
"Enchanting score, top-tier cinematography, and an utterly masterful performance.",1
Unacceptable quality control. The product felt monotonous and performance was miserably painful.,0
"Exceptional quality, sleek design, and unbelievably masterful user experience. Would buy again!",1
An astonishing masterpiece of contemporary cinema. The direction was phenomenal and visuals were flawless.,1
Cheap quality and broke after two days of use. Extremely ridiculous and irritating.,0
Unacceptable quality control. The product felt pathetic and performance was miserably pointless.,0
The product exceeded all my expectations. Superb build quality and spectacular performance.,1
Outstanding customer service and remarkably fast delivery. Totally wonderful value for money.,1
"Frustrating user interface, constant crashes, and completely clunky customer support.",0
"Utter disaster of a project. Clunky mechanics, clunky visuals, and atrocious sound design.",0
Dreadful film with awful dialogue. Horribly ridiculous pacing and overall a huge disappointment.,0
"Enchanting score, top-tier cinematography, and an utterly phenomenal performance.",1
"Terrible experience. The script was absurdly atrocious, predictable, and painfully irritating.",0
Disappointing from start to finish. Tedious narrative and shallow acting choices.,0
I deeply regret watching this. The direction was monotonous and characters were totally painful.,0
Cheap quality and broke after two days of use. Extremely monotonous and pointless.,0
Outstanding customer service and remarkably fast delivery. Totally superb value for money.,1
I loved every single minute of this film! Truly stunning storyline with flawless execution.,1
"Utter disaster of a project. Clunky mechanics, monotonous visuals, and atrocious sound design.",0
"Terrible experience. The script was absurdly pathetic, predictable, and painfully unbearable.",0
Sensational performance and brilliant screenplay. Extremely stunning and flawless experience.,1
What a total waste of time and money! The plot was monotonous and acting was completely painful.,0
Unacceptable quality control. The product felt abysmal and performance was miserably painful.,0
Unacceptable quality control. The product felt pathetic and performance was miserably unbearable.,0
Dreadful film with awful dialogue. Horribly shallow pacing and overall a huge disappointment.,0
Cheap quality and broke after two days of use. Extremely dreadful and painful.,0
"Utter disaster of a project. Clunky mechanics, ridiculous visuals, and atrocious sound design.",0
Dreadful film with awful dialogue. Horribly atrocious pacing and overall a huge disappointment.,0
Flawless execution and impressive depth. A superb victory for modern storytelling.,1
Flawless execution and impressive depth. A brilliant victory for modern storytelling.,1
Sensational performance and brilliant screenplay. Extremely masterful and inspiring experience.,1
I deeply regret watching this. The direction was pathetic and characters were totally pointless.,0
The product exceeded all my expectations. Superb build quality and phenomenal performance.,1
Flawless execution and impressive depth. A spectacular victory for modern storytelling.,1
Outstanding customer service and remarkably fast delivery. Totally wonderful value for money.,1
"Terrible experience. The script was absurdly pathetic, predictable, and painfully flat.",0
Dreadful film with awful dialogue. Horribly monotonous pacing and overall a huge disappointment.,0
Highly recommended! A breathtaking watch with outstanding emotion and delightful pacing.,1
Cheap quality and broke after two days of use. Extremely disastrous and pointless.,0
Unacceptable quality control. The product felt disastrous and performance was miserably worthless.,0
"Enchanting score, top-tier cinematography, and an utterly fantastic performance.",1
Sensational performance and brilliant screenplay. Extremely spectacular and heartwarming experience.,1
I deeply regret watching this. The direction was monotonous and characters were totally irritating.,0
What a total waste of time and money! The plot was shallow and acting was completely worthless.,0
"Boring, uninspired, and ridiculously ridiculous. Do not waste your money on this garbage.",0
What a total waste of time and money! The plot was horrible and acting was completely irritating.,0
"Frustrating user interface, constant crashes, and completely pathetic customer support.",0
An astonishing masterpiece of contemporary cinema. The direction was spectacular and visuals were flawless.,1
"Frustrating user interface, constant crashes, and completely horrible customer support.",0
Sensational performance and brilliant screenplay. Extremely superb and unforgettable experience.,1
I deeply regret watching this. The direction was clunky and characters were totally painful.,0
This movie was absolutely wonderful! The acting by the lead cast was compelling and story was thrilling.,1
An astonishing masterpiece of contemporary cinema. The direction was brilliant and visuals were magical.,1
Outstanding customer service and remarkably fast delivery. Totally outstanding value for money.,1
Cheap quality and broke after two days of use. Extremely disastrous and unbearable.,0
Sensational performance and brilliant screenplay. Extremely phenomenal and compelling experience.,1
I loved every single minute of this film! Truly brilliant storyline with unforgettable execution.,1
An astonishing masterpiece of contemporary cinema. The direction was outstanding and visuals were compelling.,1
The product exceeded all my expectations. Superb build quality and masterful performance.,1
I loved every single minute of this film! Truly superb storyline with flawless execution.,1
What a total waste of time and money! The plot was monotonous and acting was completely frustrating.,0
The product exceeded all my expectations. Superb build quality and phenomenal performance.,1
"Boring, uninspired, and ridiculously horrible. Do not waste your money on this garbage.",0
Disappointing from start to finish. Tedious narrative and shallow acting choices.,0
Outstanding customer service and remarkably fast delivery. Totally stunning value for money.,1
This movie was absolutely brilliant! The acting by the lead cast was delightful and story was thrilling.,1
Cheap quality and broke after two days of use. Extremely shallow and irritating.,0
Outstanding customer service and remarkably fast delivery. Totally captivating value for money.,1
Unacceptable quality control. The product felt ridiculous and performance was miserably unbearable.,0
Highly recommended! A breathtaking watch with superb emotion and magical pacing.,1
Outstanding customer service and remarkably fast delivery. Totally fantastic value for money.,1
Unacceptable quality control. The product felt disastrous and performance was miserably unbearable.,0
"Terrible experience. The script was absurdly ridiculous, predictable, and painfully frustrating.",0
Disappointing from start to finish. Tedious narrative and abysmal acting choices.,0
"Terrible experience. The script was absurdly monotonous, predictable, and painfully pointless.",0
"Boring, uninspired, and ridiculously clunky. Do not waste your money on this garbage.",0
Unacceptable quality control. The product felt horrible and performance was miserably flat.,0
"Boring, uninspired, and ridiculously clunky. Do not waste your money on this garbage.",0
An astonishing masterpiece of contemporary cinema. The direction was superb and visuals were unforgettable.,1
"Terrible experience. The script was absurdly disastrous, predictable, and painfully frustrating.",0
This movie was absolutely captivating! The acting by the lead cast was flawless and story was thrilling.,1
The product exceeded all my expectations. Superb build quality and masterful performance.,1
"Exceptional quality, sleek design, and unbelievably superb user experience. Would buy again!",1
What a total waste of time and money! The plot was abysmal and acting was completely frustrating.,0
I deeply regret watching this. The direction was pathetic and characters were totally flat.,0
Sensational performance and brilliant screenplay. Extremely captivating and unforgettable experience.,1
"Utter disaster of a project. Clunky mechanics, disastrous visuals, and atrocious sound design.",0
"Frustrating user interface, constant crashes, and completely atrocious customer support.",0
I loved every single minute of this film! Truly captivating storyline with top-notch execution.,1
Disappointing from start to finish. Tedious narrative and disastrous acting choices.,0
"Boring, uninspired, and ridiculously monotonous. Do not waste your money on this garbage.",0
I deeply regret watching this. The direction was pathetic and characters were totally unbearable.,0
I loved every single minute of this film! Truly masterful storyline with top-notch execution.,1
"Utter disaster of a project. Clunky mechanics, abysmal visuals, and atrocious sound design.",0
Disappointing from start to finish. Tedious narrative and pathetic acting choices.,0
"Boring, uninspired, and ridiculously disastrous. Do not waste your money on this garbage.",0
"Enchanting score, top-tier cinematography, and an utterly superb performance.",1
Unacceptable quality control. The product felt atrocious and performance was miserably frustrating.,0
An astonishing masterpiece of contemporary cinema. The direction was superb and visuals were compelling.,1
Dreadful film with awful dialogue. Horribly atrocious pacing and overall a huge disappointment.,0
"Exceptional quality, sleek design, and unbelievably stunning user experience. Would buy again!",1
Sensational performance and brilliant screenplay. Extremely stunning and inspiring experience.,1
I loved every single minute of this film! Truly brilliant storyline with compelling execution.,1
Sensational performance and brilliant screenplay. Extremely superb and flawless experience.,1
Sensational performance and brilliant screenplay. Extremely brilliant and delightful experience.,1
"Terrible experience. The script was absurdly shallow, predictable, and painfully pointless.",0
Sensational performance and brilliant screenplay. Extremely superb and flawless experience.,1
Unacceptable quality control. The product felt atrocious and performance was miserably pointless.,0
Sensational performance and brilliant screenplay. Extremely brilliant and flawless experience.,1
"Utter disaster of a project. Clunky mechanics, ridiculous visuals, and atrocious sound design.",0
"Boring, uninspired, and ridiculously pathetic. Do not waste your money on this garbage.",0
I loved every single minute of this film! Truly phenomenal storyline with magical execution.,1
"Enchanting score, top-tier cinematography, and an utterly masterful performance.",1
The product exceeded all my expectations. Superb build quality and spectacular performance.,1
Dreadful film with awful dialogue. Horribly horrible pacing and overall a huge disappointment.,0
Highly recommended! A breathtaking watch with superb emotion and unforgettable pacing.,1
The product exceeded all my expectations. Superb build quality and phenomenal performance.,1
Cheap quality and broke after two days of use. Extremely ridiculous and painful.,0
Highly recommended! A breathtaking watch with superb emotion and top-notch pacing.,1
Sensational performance and brilliant screenplay. Extremely superb and unforgettable experience.,1
"Boring, uninspired, and ridiculously horrible. Do not waste your money on this garbage.",0
An astonishing masterpiece of contemporary cinema. The direction was spectacular and visuals were magical.,1
I loved every single minute of this film! Truly brilliant storyline with magical execution.,1
"Exceptional quality, sleek design, and unbelievably captivating user experience. Would buy again!",1
Flawless execution and impressive depth. A brilliant victory for modern storytelling.,1
Outstanding customer service and remarkably fast delivery. Totally wonderful value for money.,1
"Utter disaster of a project. Clunky mechanics, shallow visuals, and atrocious sound design.",0
The product exceeded all my expectations. Superb build quality and superb performance.,1
An astonishing masterpiece of contemporary cinema. The direction was brilliant and visuals were top-notch.,1
"Boring, uninspired, and ridiculously horrible. Do not waste your money on this garbage.",0
"Terrible experience. The script was absurdly horrible, predictable, and painfully frustrating.",0
An astonishing masterpiece of contemporary cinema. The direction was captivating and visuals were compelling.,1
"Frustrating user interface, constant crashes, and completely atrocious customer support.",0
An astonishing masterpiece of contemporary cinema. The direction was outstanding and visuals were heartwarming.,1
Outstanding customer service and remarkably fast delivery. Totally phenomenal value for money.,1
What a total waste of time and money! The plot was shallow and acting was completely pointless.,0
Dreadful film with awful dialogue. Horribly monotonous pacing and overall a huge disappointment.,0
Sensational performance and brilliant screenplay. Extremely masterful and heartwarming experience.,1
Disappointing from start to finish. Tedious narrative and clunky acting choices.,0
Disappointing from start to finish. Tedious narrative and abysmal acting choices.,0
Sensational performance and brilliant screenplay. Extremely masterful and unforgettable experience.,1
This movie was absolutely spectacular! The acting by the lead cast was top-notch and story was thrilling.,1
Disappointing from start to finish. Tedious narrative and ridiculous acting choices.,0
Highly recommended! A breathtaking watch with spectacular emotion and magical pacing.,1
An astonishing masterpiece of contemporary cinema. The direction was outstanding and visuals were compelling.,1
Highly recommended! A breathtaking watch with stunning emotion and compelling pacing.,1
What a total waste of time and money! The plot was abysmal and acting was completely flat.,0
"Exceptional quality, sleek design, and unbelievably spectacular user experience. Would buy again!",1
Disappointing from start to finish. Tedious narrative and atrocious acting choices.,0
I loved every single minute of this film! Truly fantastic storyline with magical execution.,1
Cheap quality and broke after two days of use. Extremely dreadful and flat.,0
What a total waste of time and money! The plot was monotonous and acting was completely unbearable.,0
This movie was absolutely wonderful! The acting by the lead cast was delightful and story was thrilling.,1
"Frustrating user interface, constant crashes, and completely monotonous customer support.",0
"Frustrating user interface, constant crashes, and completely abysmal customer support.",0
"Exceptional quality, sleek design, and unbelievably fantastic user experience. Would buy again!",1
Cheap quality and broke after two days of use. Extremely dreadful and pointless.,0
This movie was absolutely masterful! The acting by the lead cast was magical and story was thrilling.,1
"Frustrating user interface, constant crashes, and completely disastrous customer support.",0
Outstanding customer service and remarkably fast delivery. Totally outstanding value for money.,1
Sensational performance and brilliant screenplay. Extremely superb and unforgettable experience.,1
The product exceeded all my expectations. Superb build quality and brilliant performance.,1
"Enchanting score, top-tier cinematography, and an utterly brilliant performance.",1
"Frustrating user interface, constant crashes, and completely shallow customer support.",0
"Utter disaster of a project. Clunky mechanics, disastrous visuals, and atrocious sound design.",0
An astonishing masterpiece of contemporary cinema. The direction was stunning and visuals were compelling.,1
Flawless execution and impressive depth. A superb victory for modern storytelling.,1
"Terrible experience. The script was absurdly horrible, predictable, and painfully flat.",0
Sensational performance and brilliant screenplay. Extremely fantastic and top-notch experience.,1
"Utter disaster of a project. Clunky mechanics, shallow visuals, and atrocious sound design.",0
The product exceeded all my expectations. Superb build quality and captivating performance.,1
Flawless execution and impressive depth. A spectacular victory for modern storytelling.,1
What a total waste of time and money! The plot was atrocious and acting was completely irritating.,0
"Enchanting score, top-tier cinematography, and an utterly brilliant performance.",1
Unacceptable quality control. The product felt ridiculous and performance was miserably irritating.,0
Unacceptable quality control. The product felt pathetic and performance was miserably worthless.,0
Cheap quality and broke after two days of use. Extremely horrible and flawed.,0
This movie was absolutely wonderful! The acting by the lead cast was flawless and story was thrilling.,1
Flawless execution and impressive depth. A captivating victory for modern storytelling.,1
What a total waste of time and money! The plot was atrocious and acting was completely frustrating.,0
"Frustrating user interface, constant crashes, and completely dreadful customer support.",0
An astonishing masterpiece of contemporary cinema. The direction was brilliant and visuals were magical.,1
"Enchanting score, top-tier cinematography, and an utterly outstanding performance.",1
Sensational performance and brilliant screenplay. Extremely wonderful and inspiring experience.,1
"Utter disaster of a project. Clunky mechanics, pathetic visuals, and atrocious sound design.",0
Highly recommended! A breathtaking watch with masterful emotion and inspiring pacing.,1
Outstanding customer service and remarkably fast delivery. Totally masterful value for money.,1
This movie was absolutely captivating! The acting by the lead cast was inspiring and story was thrilling.,1
What a total waste of time and money! The plot was atrocious and acting was completely irritating.,0
Unacceptable quality control. The product felt atrocious and performance was miserably irritating.,0
What a total waste of time and money! The plot was ridiculous and acting was completely pointless.,0
Dreadful film with awful dialogue. Horribly abysmal pacing and overall a huge disappointment.,0
"Boring, uninspired, and ridiculously pathetic. Do not waste your money on this garbage.",0
What a total waste of time and money! The plot was monotonous and acting was completely flawed.,0
Cheap quality and broke after two days of use. Extremely monotonous and flawed.,0
"Utter disaster of a project. Clunky mechanics, atrocious visuals, and atrocious sound design.",0
"Frustrating user interface, constant crashes, and completely monotonous customer support.",0
I deeply regret watching this. The direction was horrible and characters were totally worthless.,0
"Boring, uninspired, and ridiculously atrocious. Do not waste your money on this garbage.",0
Outstanding customer service and remarkably fast delivery. Totally brilliant value for money.,1
What a total waste of time and money! The plot was horrible and acting was completely flat.,0
This movie was absolutely fantastic! The acting by the lead cast was unforgettable and story was thrilling.,1
Flawless execution and impressive depth. A spectacular victory for modern storytelling.,1
I deeply regret watching this. The direction was dreadful and characters were totally pointless.,0
Outstanding customer service and remarkably fast delivery. Totally fantastic value for money.,1
What a total waste of time and money! The plot was horrible and acting was completely painful.,0
"Frustrating user interface, constant crashes, and completely disastrous customer support.",0
"Frustrating user interface, constant crashes, and completely horrible customer support.",0
Cheap quality and broke after two days of use. Extremely pathetic and flat.,0
The product exceeded all my expectations. Superb build quality and phenomenal performance.,1
I loved every single minute of this film! Truly masterful storyline with flawless execution.,1
Unacceptable quality control. The product felt shallow and performance was miserably flawed.,0
Outstanding customer service and remarkably fast delivery. Totally stunning value for money.,1
Sensational performance and brilliant screenplay. Extremely fantastic and top-notch experience.,1
I loved every single minute of this film! Truly brilliant storyline with delightful execution.,1
I deeply regret watching this. The direction was dreadful and characters were totally frustrating.,0
"Terrible experience. The script was absurdly abysmal, predictable, and painfully irritating.",0
"Frustrating user interface, constant crashes, and completely disastrous customer support.",0
Cheap quality and broke after two days of use. Extremely monotonous and worthless.,0
"Frustrating user interface, constant crashes, and completely atrocious customer support.",0
Flawless execution and impressive depth. A stunning victory for modern storytelling.,1
"Utter disaster of a project. Clunky mechanics, dreadful visuals, and atrocious sound design.",0
"Terrible experience. The script was absurdly monotonous, predictable, and painfully painful.",0
I deeply regret watching this. The direction was dreadful and characters were totally painful.,0
Flawless execution and impressive depth. A spectacular victory for modern storytelling.,1
Flawless execution and impressive depth. A spectacular victory for modern storytelling.,1
Outstanding customer service and remarkably fast delivery. Totally captivating value for money.,1
Sensational performance and brilliant screenplay. Extremely phenomenal and unforgettable experience.,1
Flawless execution and impressive depth. A wonderful victory for modern storytelling.,1
I loved every single minute of this film! Truly superb storyline with magical execution.,1
"Boring, uninspired, and ridiculously horrible. Do not waste your money on this garbage.",0
"Exceptional quality, sleek design, and unbelievably wonderful user experience. Would buy again!",1
Cheap quality and broke after two days of use. Extremely horrible and painful.,0
What a total waste of time and money! The plot was disastrous and acting was completely painful.,0
Outstanding customer service and remarkably fast delivery. Totally wonderful value for money.,1
Disappointing from start to finish. Tedious narrative and pathetic acting choices.,0
Dreadful film with awful dialogue. Horribly horrible pacing and overall a huge disappointment.,0
Outstanding customer service and remarkably fast delivery. Totally spectacular value for money.,1
Unacceptable quality control. The product felt dreadful and performance was miserably flawed.,0
Flawless execution and impressive depth. A outstanding victory for modern storytelling.,1
"Utter disaster of a project. Clunky mechanics, pathetic visuals, and atrocious sound design.",0
Unacceptable quality control. The product felt ridiculous and performance was miserably unbearable.,0
"Exceptional quality, sleek design, and unbelievably outstanding user experience. Would buy again!",1
"Terrible experience. The script was absurdly monotonous, predictable, and painfully worthless.",0
Cheap quality and broke after two days of use. Extremely clunky and flat.,0
"Frustrating user interface, constant crashes, and completely monotonous customer support.",0
Dreadful film with awful dialogue. Horribly atrocious pacing and overall a huge disappointment.,0
Unacceptable quality control. The product felt disastrous and performance was miserably painful.,0
Flawless execution and impressive depth. A masterful victory for modern storytelling.,1
I deeply regret watching this. The direction was pathetic and characters were totally frustrating.,0
Cheap quality and broke after two days of use. Extremely pathetic and pointless.,0
I deeply regret watching this. The direction was shallow and characters were totally frustrating.,0
Cheap quality and broke after two days of use. Extremely clunky and frustrating.,0
This movie was absolutely spectacular! The acting by the lead cast was flawless and story was thrilling.,1
An astonishing masterpiece of contemporary cinema. The direction was fantastic and visuals were inspiring.,1
I loved every single minute of this film! Truly brilliant storyline with unforgettable execution.,1
The product exceeded all my expectations. Superb build quality and superb performance.,1
This movie was absolutely spectacular! The acting by the lead cast was delightful and story was thrilling.,1
"Boring, uninspired, and ridiculously horrible. Do not waste your money on this garbage.",0
I loved every single minute of this film! Truly masterful storyline with flawless execution.,1
"Utter disaster of a project. Clunky mechanics, pathetic visuals, and atrocious sound design.",0
"Exceptional quality, sleek design, and unbelievably masterful user experience. Would buy again!",1
"Utter disaster of a project. Clunky mechanics, abysmal visuals, and atrocious sound design.",0
I deeply regret watching this. The direction was ridiculous and characters were totally unbearable.,0
"Boring, uninspired, and ridiculously abysmal. Do not waste your money on this garbage.",0
The product exceeded all my expectations. Superb build quality and fantastic performance.,1
Disappointing from start to finish. Tedious narrative and pathetic acting choices.,0
Disappointing from start to finish. Tedious narrative and pathetic acting choices.,0
Highly recommended! A breathtaking watch with captivating emotion and unforgettable pacing.,1
"Enchanting score, top-tier cinematography, and an utterly superb performance.",1
Outstanding customer service and remarkably fast delivery. Totally captivating value for money.,1
Unacceptable quality control. The product felt atrocious and performance was miserably painful.,0
Sensational performance and brilliant screenplay. Extremely stunning and flawless experience.,1
"Utter disaster of a project. Clunky mechanics, disastrous visuals, and atrocious sound design.",0
Sensational performance and brilliant screenplay. Extremely wonderful and heartwarming experience.,1
Unacceptable quality control. The product felt atrocious and performance was miserably flat.,0
Disappointing from start to finish. Tedious narrative and horrible acting choices.,0
Unacceptable quality control. The product felt disastrous and performance was miserably painful.,0
"Exceptional quality, sleek design, and unbelievably wonderful user experience. Would buy again!",1
I deeply regret watching this. The direction was pathetic and characters were totally flat.,0
"Frustrating user interface, constant crashes, and completely shallow customer support.",0
Unacceptable quality control. The product felt disastrous and performance was miserably unbearable.,0
What a total waste of time and money! The plot was clunky and acting was completely frustrating.,0
The product exceeded all my expectations. Superb build quality and outstanding performance.,1
What a total waste of time and money! The plot was monotonous and acting was completely painful.,0
This movie was absolutely stunning! The acting by the lead cast was unforgettable and story was thrilling.,1
Dreadful film with awful dialogue. Horribly abysmal pacing and overall a huge disappointment.,0
Cheap quality and broke after two days of use. Extremely horrible and frustrating.,0
Flawless execution and impressive depth. A superb victory for modern storytelling.,1
This movie was absolutely masterful! The acting by the lead cast was top-notch and story was thrilling.,1
"Utter disaster of a project. Clunky mechanics, horrible visuals, and atrocious sound design.",0
"Boring, uninspired, and ridiculously shallow. Do not waste your money on this garbage.",0
"Utter disaster of a project. Clunky mechanics, atrocious visuals, and atrocious sound design.",0
Cheap quality and broke after two days of use. Extremely horrible and pointless.,0
Highly recommended! A breathtaking watch with masterful emotion and unforgettable pacing.,1
"Terrible experience. The script was absurdly shallow, predictable, and painfully pointless.",0
Sensational performance and brilliant screenplay. Extremely outstanding and unforgettable experience.,1
Highly recommended! A breathtaking watch with masterful emotion and compelling pacing.,1
"Enchanting score, top-tier cinematography, and an utterly stunning performance.",1
I loved every single minute of this film! Truly spectacular storyline with delightful execution.,1
"Frustrating user interface, constant crashes, and completely atrocious customer support.",0
I deeply regret watching this. The direction was clunky and characters were totally flat.,0
"Utter disaster of a project. Clunky mechanics, clunky visuals, and atrocious sound design.",0
Flawless execution and impressive depth. A brilliant victory for modern storytelling.,1
Sensational performance and brilliant screenplay. Extremely outstanding and flawless experience.,1
Cheap quality and broke after two days of use. Extremely atrocious and frustrating.,0
"Terrible experience. The script was absurdly clunky, predictable, and painfully frustrating.",0
Unacceptable quality control. The product felt abysmal and performance was miserably painful.,0
"Boring, uninspired, and ridiculously monotonous. Do not waste your money on this garbage.",0
I loved every single minute of this film! Truly wonderful storyline with delightful execution.,1
"Boring, uninspired, and ridiculously disastrous. Do not waste your money on this garbage.",0
The product exceeded all my expectations. Superb build quality and spectacular performance.,1
I deeply regret watching this. The direction was disastrous and characters were totally irritating.,0
Highly recommended! A breathtaking watch with outstanding emotion and inspiring pacing.,1
"Exceptional quality, sleek design, and unbelievably wonderful user experience. Would buy again!",1
Dreadful film with awful dialogue. Horribly dreadful pacing and overall a huge disappointment.,0
"Terrible experience. The script was absurdly shallow, predictable, and painfully flat.",0
What a total waste of time and money! The plot was clunky and acting was completely unbearable.,0
The product exceeded all my expectations. Superb build quality and spectacular performance.,1
"Boring, uninspired, and ridiculously monotonous. Do not waste your money on this garbage.",0
An astonishing masterpiece of contemporary cinema. The direction was outstanding and visuals were heartwarming.,1
Sensational performance and brilliant screenplay. Extremely superb and delightful experience.,1
Sensational performance and brilliant screenplay. Extremely masterful and top-notch experience.,1
"Terrible experience. The script was absurdly disastrous, predictable, and painfully flat.",0
"Terrible experience. The script was absurdly horrible, predictable, and painfully unbearable.",0
Flawless execution and impressive depth. A outstanding victory for modern storytelling.,1
I deeply regret watching this. The direction was ridiculous and characters were totally flawed.,0
"Exceptional quality, sleek design, and unbelievably brilliant user experience. Would buy again!",1
Outstanding customer service and remarkably fast delivery. Totally fantastic value for money.,1
"Utter disaster of a project. Clunky mechanics, ridiculous visuals, and atrocious sound design.",0
Outstanding customer service and remarkably fast delivery. Totally superb value for money.,1
Dreadful film with awful dialogue. Horribly shallow pacing and overall a huge disappointment.,0
"Frustrating user interface, constant crashes, and completely atrocious customer support.",0
"Terrible experience. The script was absurdly atrocious, predictable, and painfully worthless.",0
I deeply regret watching this. The direction was monotonous and characters were totally worthless.,0
Dreadful film with awful dialogue. Horribly atrocious pacing and overall a huge disappointment.,0
"Utter disaster of a project. Clunky mechanics, horrible visuals, and atrocious sound design.",0
Dreadful film with awful dialogue. Horribly atrocious pacing and overall a huge disappointment.,0
Highly recommended! A breathtaking watch with masterful emotion and unforgettable pacing.,1
"Utter disaster of a project. Clunky mechanics, abysmal visuals, and atrocious sound design.",0
"Utter disaster of a project. Clunky mechanics, disastrous visuals, and atrocious sound design.",0
"Enchanting score, top-tier cinematography, and an utterly wonderful performance.",1
"Frustrating user interface, constant crashes, and completely atrocious customer support.",0
Outstanding customer service and remarkably fast delivery. Totally superb value for money.,1
"Terrible experience. The script was absurdly disastrous, predictable, and painfully flat.",0
This movie was absolutely wonderful! The acting by the lead cast was delightful and story was thrilling.,1
Sensational performance and brilliant screenplay. Extremely spectacular and top-notch experience.,1
Highly recommended! A breathtaking watch with brilliant emotion and compelling pacing.,1
Cheap quality and broke after two days of use. Extremely pathetic and unbearable.,0
I loved every single minute of this film! Truly brilliant storyline with magical execution.,1
"Terrible experience. The script was absurdly horrible, predictable, and painfully unbearable.",0
"Exceptional quality, sleek design, and unbelievably phenomenal user experience. Would buy again!",1
Flawless execution and impressive depth. A brilliant victory for modern storytelling.,1
An astonishing masterpiece of contemporary cinema. The direction was outstanding and visuals were inspiring.,1
Unacceptable quality control. The product felt disastrous and performance was miserably unbearable.,0
Sensational performance and brilliant screenplay. Extremely masterful and flawless experience.,1
Highly recommended! A breathtaking watch with outstanding emotion and unforgettable pacing.,1
Cheap quality and broke after two days of use. Extremely atrocious and frustrating.,0
Cheap quality and broke after two days of use. Extremely abysmal and flawed.,0
Dreadful film with awful dialogue. Horribly pathetic pacing and overall a huge disappointment.,0
What a total waste of time and money! The plot was abysmal and acting was completely flawed.,0
Outstanding customer service and remarkably fast delivery. Totally masterful value for money.,1
Cheap quality and broke after two days of use. Extremely disastrous and irritating.,0
"Exceptional quality, sleek design, and unbelievably stunning user experience. Would buy again!",1
Unacceptable quality control. The product felt monotonous and performance was miserably frustrating.,0
Dreadful film with awful dialogue. Horribly abysmal pacing and overall a huge disappointment.,0
Unacceptable quality control. The product felt horrible and performance was miserably flawed.,0
An astonishing masterpiece of contemporary cinema. The direction was stunning and visuals were inspiring.,1
"Frustrating user interface, constant crashes, and completely abysmal customer support.",0
Flawless execution and impressive depth. A phenomenal victory for modern storytelling.,1
What a total waste of time and money! The plot was clunky and acting was completely flawed.,0
The product exceeded all my expectations. Superb build quality and superb performance.,1
Disappointing from start to finish. Tedious narrative and pathetic acting choices.,0
The product exceeded all my expectations. Superb build quality and brilliant performance.,1
"Boring, uninspired, and ridiculously shallow. Do not waste your money on this garbage.",0
Disappointing from start to finish. Tedious narrative and clunky acting choices.,0
"Exceptional quality, sleek design, and unbelievably stunning user experience. Would buy again!",1
"Enchanting score, top-tier cinematography, and an utterly brilliant performance.",1
Unacceptable quality control. The product felt ridiculous and performance was miserably irritating.,0
Disappointing from start to finish. Tedious narrative and ridiculous acting choices.,0
I deeply regret watching this. The direction was atrocious and characters were totally frustrating.,0
Unacceptable quality control. The product felt abysmal and performance was miserably worthless.,0
Outstanding customer service and remarkably fast delivery. Totally wonderful value for money.,1
Cheap quality and broke after two days of use. Extremely dreadful and unbearable.,0
Sensational performance and brilliant screenplay. Extremely wonderful and top-notch experience.,1
Sensational performance and brilliant screenplay. Extremely phenomenal and heartwarming experience.,1
Unacceptable quality control. The product felt monotonous and performance was miserably pointless.,0
The product exceeded all my expectations. Superb build quality and captivating performance.,1
"Exceptional quality, sleek design, and unbelievably wonderful user experience. Would buy again!",1
Unacceptable quality control. The product felt disastrous and performance was miserably painful.,0
"Utter disaster of a project. Clunky mechanics, monotonous visuals, and atrocious sound design.",0
"Utter disaster of a project. Clunky mechanics, horrible visuals, and atrocious sound design.",0
I deeply regret watching this. The direction was dreadful and characters were totally pointless.,0
Sensational performance and brilliant screenplay. Extremely outstanding and magical experience.,1
"Utter disaster of a project. Clunky mechanics, dreadful visuals, and atrocious sound design.",0
The product exceeded all my expectations. Superb build quality and spectacular performance.,1
"Terrible experience. The script was absurdly pathetic, predictable, and painfully unbearable.",0
Cheap quality and broke after two days of use. Extremely horrible and flat.,0
Dreadful film with awful dialogue. Horribly disastrous pacing and overall a huge disappointment.,0
"Utter disaster of a project. Clunky mechanics, shallow visuals, and atrocious sound design.",0
An astonishing masterpiece of contemporary cinema. The direction was masterful and visuals were compelling.,1
"Exceptional quality, sleek design, and unbelievably wonderful user experience. Would buy again!",1
"Exceptional quality, sleek design, and unbelievably wonderful user experience. Would buy again!",1
What a total waste of time and money! The plot was horrible and acting was completely flat.,0
Cheap quality and broke after two days of use. Extremely atrocious and flat.,0
"Frustrating user interface, constant crashes, and completely dreadful customer support.",0
Highly recommended! A breathtaking watch with phenomenal emotion and compelling pacing.,1
"Exceptional quality, sleek design, and unbelievably superb user experience. Would buy again!",1
I loved every single minute of this film! Truly wonderful storyline with heartwarming execution.,1
"Utter disaster of a project. Clunky mechanics, dreadful visuals, and atrocious sound design.",0
"Enchanting score, top-tier cinematography, and an utterly stunning performance.",1
"Exceptional quality, sleek design, and unbelievably stunning user experience. Would buy again!",1
Highly recommended! A breathtaking watch with fantastic emotion and flawless pacing.,1
I deeply regret watching this. The direction was monotonous and characters were totally unbearable.,0
"Utter disaster of a project. Clunky mechanics, atrocious visuals, and atrocious sound design.",0
Unacceptable quality control. The product felt abysmal and performance was miserably painful.,0
"Boring, uninspired, and ridiculously disastrous. Do not waste your money on this garbage.",0
Flawless execution and impressive depth. A wonderful victory for modern storytelling.,1
The product exceeded all my expectations. Superb build quality and wonderful performance.,1
This movie was absolutely stunning! The acting by the lead cast was heartwarming and story was thrilling.,1
Dreadful film with awful dialogue. Horribly horrible pacing and overall a huge disappointment.,0
What a total waste of time and money! The plot was clunky and acting was completely frustrating.,0
"Enchanting score, top-tier cinematography, and an utterly fantastic performance.",1
"Boring, uninspired, and ridiculously ridiculous. Do not waste your money on this garbage.",0
Cheap quality and broke after two days of use. Extremely dreadful and painful.,0
"Frustrating user interface, constant crashes, and completely disastrous customer support.",0
"Frustrating user interface, constant crashes, and completely shallow customer support.",0
I loved every single minute of this film! Truly brilliant storyline with heartwarming execution.,1
An astonishing masterpiece of contemporary cinema. The direction was phenomenal and visuals were compelling.,1
"Terrible experience. The script was absurdly disastrous, predictable, and painfully unbearable.",0
"Terrible experience. The script was absurdly ridiculous, predictable, and painfully frustrating.",0
"Terrible experience. The script was absurdly pathetic, predictable, and painfully painful.",0
"Frustrating user interface, constant crashes, and completely horrible customer support.",0
This movie was absolutely fantastic! The acting by the lead cast was unforgettable and story was thrilling.,1
Unacceptable quality control. The product felt clunky and performance was miserably flawed.,0
"Enchanting score, top-tier cinematography, and an utterly spectacular performance.",1
Highly recommended! A breathtaking watch with outstanding emotion and compelling pacing.,1
An astonishing masterpiece of contemporary cinema. The direction was phenomenal and visuals were flawless.,1
"Enchanting score, top-tier cinematography, and an utterly phenomenal performance.",1
An astonishing masterpiece of contemporary cinema. The direction was wonderful and visuals were top-notch.,1
Sensational performance and brilliant screenplay. Extremely outstanding and delightful experience.,1
I loved every single minute of this film! Truly outstanding storyline with heartwarming execution.,1
The product exceeded all my expectations. Superb build quality and stunning performance.,1
Cheap quality and broke after two days of use. Extremely pathetic and unbearable.,0
"Boring, uninspired, and ridiculously pathetic. Do not waste your money on this garbage.",0
Highly recommended! A breathtaking watch with brilliant emotion and magical pacing.,1
What a total waste of time and money! The plot was pathetic and acting was completely worthless.,0
Outstanding customer service and remarkably fast delivery. Totally captivating value for money.,1
Disappointing from start to finish. Tedious narrative and dreadful acting choices.,0
Outstanding customer service and remarkably fast delivery. Totally masterful value for money.,1
Dreadful film with awful dialogue. Horribly dreadful pacing and overall a huge disappointment.,0
"Boring, uninspired, and ridiculously monotonous. Do not waste your money on this garbage.",0
"Exceptional quality, sleek design, and unbelievably fantastic user experience. Would buy again!",1
"Enchanting score, top-tier cinematography, and an utterly fantastic performance.",1
The product exceeded all my expectations. Superb build quality and phenomenal performance.,1
Dreadful film with awful dialogue. Horribly horrible pacing and overall a huge disappointment.,0
I loved every single minute of this film! Truly outstanding storyline with unforgettable execution.,1
"Enchanting score, top-tier cinematography, and an utterly brilliant performance.",1
An astonishing masterpiece of contemporary cinema. The direction was captivating and visuals were heartwarming.,1
Highly recommended! A breathtaking watch with spectacular emotion and unforgettable pacing.,1
Highly recommended! A breathtaking watch with captivating emotion and magical pacing.,1
"Enchanting score, top-tier cinematography, and an utterly captivating performance.",1
An astonishing masterpiece of contemporary cinema. The direction was wonderful and visuals were flawless.,1
"Terrible experience. The script was absurdly dreadful, predictable, and painfully flawed.",0
I loved every single minute of this film! Truly brilliant storyline with compelling execution.,1
"Enchanting score, top-tier cinematography, and an utterly captivating performance.",1
Cheap quality and broke after two days of use. Extremely clunky and frustrating.,0
"Frustrating user interface, constant crashes, and completely disastrous customer support.",0
"Enchanting score, top-tier cinematography, and an utterly masterful performance.",1
An astonishing masterpiece of contemporary cinema. The direction was outstanding and visuals were unforgettable.,1
Sensational performance and brilliant screenplay. Extremely stunning and heartwarming experience.,1
An astonishing masterpiece of contemporary cinema. The direction was superb and visuals were inspiring.,1
Flawless execution and impressive depth. A spectacular victory for modern storytelling.,1
"Utter disaster of a project. Clunky mechanics, disastrous visuals, and atrocious sound design.",0
Disappointing from start to finish. Tedious narrative and monotonous acting choices.,0
"Enchanting score, top-tier cinematography, and an utterly brilliant performance.",1
Cheap quality and broke after two days of use. Extremely shallow and unbearable.,0
Dreadful film with awful dialogue. Horribly shallow pacing and overall a huge disappointment.,0
"Exceptional quality, sleek design, and unbelievably outstanding user experience. Would buy again!",1
"Frustrating user interface, constant crashes, and completely atrocious customer support.",0
I loved every single minute of this film! Truly fantastic storyline with delightful execution.,1
Sensational performance and brilliant screenplay. Extremely brilliant and heartwarming experience.,1
Dreadful film with awful dialogue. Horribly atrocious pacing and overall a huge disappointment.,0
What a total waste of time and money! The plot was disastrous and acting was completely worthless.,0
Flawless execution and impressive depth. A masterful victory for modern storytelling.,1
"Terrible experience. The script was absurdly ridiculous, predictable, and painfully unbearable.",0
Dreadful film with awful dialogue. Horribly disastrous pacing and overall a huge disappointment.,0
Unacceptable quality control. The product felt abysmal and performance was miserably unbearable.,0
Dreadful film with awful dialogue. Horribly abysmal pacing and overall a huge disappointment.,0
Disappointing from start to finish. Tedious narrative and clunky acting choices.,0
Dreadful film with awful dialogue. Horribly horrible pacing and overall a huge disappointment.,0
What a total waste of time and money! The plot was horrible and acting was completely irritating.,0
This movie was absolutely brilliant! The acting by the lead cast was delightful and story was thrilling.,1
The product exceeded all my expectations. Superb build quality and masterful performance.,1
"Terrible experience. The script was absurdly pathetic, predictable, and painfully frustrating.",0
Highly recommended! A breathtaking watch with stunning emotion and heartwarming pacing.,1
"Enchanting score, top-tier cinematography, and an utterly brilliant performance.",1
Cheap quality and broke after two days of use. Extremely ridiculous and flat.,0
Highly recommended! A breathtaking watch with stunning emotion and compelling pacing.,1
"Utter disaster of a project. Clunky mechanics, monotonous visuals, and atrocious sound design.",0
"Boring, uninspired, and ridiculously shallow. Do not waste your money on this garbage.",0
Dreadful film with awful dialogue. Horribly pathetic pacing and overall a huge disappointment.,0
What a total waste of time and money! The plot was monotonous and acting was completely painful.,0
An astonishing masterpiece of contemporary cinema. The direction was wonderful and visuals were magical.,1
Unacceptable quality control. The product felt abysmal and performance was miserably painful.,0
Unacceptable quality control. The product felt disastrous and performance was miserably worthless.,0
Outstanding customer service and remarkably fast delivery. Totally brilliant value for money.,1
The product exceeded all my expectations. Superb build quality and masterful performance.,1
"Exceptional quality, sleek design, and unbelievably masterful user experience. Would buy again!",1
The product exceeded all my expectations. Superb build quality and wonderful performance.,1
I deeply regret watching this. The direction was pathetic and characters were totally flawed.,0
"Boring, uninspired, and ridiculously monotonous. Do not waste your money on this garbage.",0
Dreadful film with awful dialogue. Horribly shallow pacing and overall a huge disappointment.,0
"Boring, uninspired, and ridiculously abysmal. Do not waste your money on this garbage.",0
This movie was absolutely brilliant! The acting by the lead cast was unforgettable and story was thrilling.,1
An astonishing masterpiece of contemporary cinema. The direction was fantastic and visuals were magical.,1
Dreadful film with awful dialogue. Horribly dreadful pacing and overall a huge disappointment.,0
I deeply regret watching this. The direction was horrible and characters were totally painful.,0
Sensational performance and brilliant screenplay. Extremely phenomenal and inspiring experience.,1
Sensational performance and brilliant screenplay. Extremely masterful and compelling experience.,1
I deeply regret watching this. The direction was dreadful and characters were totally painful.,0
An astonishing masterpiece of contemporary cinema. The direction was captivating and visuals were inspiring.,1
"Utter disaster of a project. Clunky mechanics, ridiculous visuals, and atrocious sound design.",0
"Utter disaster of a project. Clunky mechanics, dreadful visuals, and atrocious sound design.",0
Disappointing from start to finish. Tedious narrative and disastrous acting choices.,0
An astonishing masterpiece of contemporary cinema. The direction was stunning and visuals were inspiring.,1
"Boring, uninspired, and ridiculously clunky. Do not waste your money on this garbage.",0
Sensational performance and brilliant screenplay. Extremely phenomenal and magical experience.,1
"Enchanting score, top-tier cinematography, and an utterly superb performance.",1
Cheap quality and broke after two days of use. Extremely pathetic and unbearable.,0
I loved every single minute of this film! Truly captivating storyline with flawless execution.,1
"Boring, uninspired, and ridiculously ridiculous. Do not waste your money on this garbage.",0
I deeply regret watching this. The direction was horrible and characters were totally unbearable.,0
Unacceptable quality control. The product felt atrocious and performance was miserably flat.,0
Unacceptable quality control. The product felt abysmal and performance was miserably frustrating.,0
"Frustrating user interface, constant crashes, and completely ridiculous customer support.",0
"Frustrating user interface, constant crashes, and completely monotonous customer support.",0
"Terrible experience. The script was absurdly dreadful, predictable, and painfully worthless.",0
What a total waste of time and money! The plot was monotonous and acting was completely worthless.,0
Outstanding customer service and remarkably fast delivery. Totally stunning value for money.,1
Unacceptable quality control. The product felt clunky and performance was miserably painful.,0
I loved every single minute of this film! Truly stunning storyline with top-notch execution.,1
Flawless execution and impressive depth. A brilliant victory for modern storytelling.,1
Dreadful film with awful dialogue. Horribly atrocious pacing and overall a huge disappointment.,0
"Utter disaster of a project. Clunky mechanics, clunky visuals, and atrocious sound design.",0
"Exceptional quality, sleek design, and unbelievably captivating user experience. Would buy again!",1
The product exceeded all my expectations. Superb build quality and superb performance.,1
I loved every single minute of this film! Truly masterful storyline with heartwarming execution.,1
"Frustrating user interface, constant crashes, and completely monotonous customer support.",0
An astonishing masterpiece of contemporary cinema. The direction was phenomenal and visuals were heartwarming.,1
I loved every single minute of this film! Truly captivating storyline with magical execution.,1
Sensational performance and brilliant screenplay. Extremely phenomenal and flawless experience.,1
This movie was absolutely masterful! The acting by the lead cast was compelling and story was thrilling.,1
Flawless execution and impressive depth. A brilliant victory for modern storytelling.,1
"Enchanting score, top-tier cinematography, and an utterly captivating performance.",1
Highly recommended! A breathtaking watch with captivating emotion and magical pacing.,1
"Exceptional quality, sleek design, and unbelievably brilliant user experience. Would buy again!",1
Disappointing from start to finish. Tedious narrative and monotonous acting choices.,0
I deeply regret watching this. The direction was dreadful and characters were totally frustrating.,0
"Terrible experience. The script was absurdly abysmal, predictable, and painfully irritating.",0
"Enchanting score, top-tier cinematography, and an utterly wonderful performance.",1
"Utter disaster of a project. Clunky mechanics, disastrous visuals, and atrocious sound design.",0
Highly recommended! A breathtaking watch with stunning emotion and magical pacing.,1
I deeply regret watching this. The direction was clunky and characters were totally painful.,0
Highly recommended! A breathtaking watch with spectacular emotion and magical pacing.,1
"Terrible experience. The script was absurdly clunky, predictable, and painfully flawed.",0
Dreadful film with awful dialogue. Horribly atrocious pacing and overall a huge disappointment.,0
An astonishing masterpiece of contemporary cinema. The direction was masterful and visuals were magical.,1
What a total waste of time and money! The plot was monotonous and acting was completely flawed.,0
Outstanding customer service and remarkably fast delivery. Totally superb value for money.,1
"Terrible experience. The script was absurdly monotonous, predictable, and painfully pointless.",0
"Utter disaster of a project. Clunky mechanics, atrocious visuals, and atrocious sound design.",0
Cheap quality and broke after two days of use. Extremely disastrous and unbearable.,0
"Exceptional quality, sleek design, and unbelievably brilliant user experience. Would buy again!",1
The product exceeded all my expectations. Superb build quality and phenomenal performance.,1
Cheap quality and broke after two days of use. Extremely shallow and worthless.,0
Sensational performance and brilliant screenplay. Extremely spectacular and flawless experience.,1
Unacceptable quality control. The product felt monotonous and performance was miserably unbearable.,0
Flawless execution and impressive depth. A outstanding victory for modern storytelling.,1
Outstanding customer service and remarkably fast delivery. Totally stunning value for money.,1
This movie was absolutely brilliant! The acting by the lead cast was magical and story was thrilling.,1
An astonishing masterpiece of contemporary cinema. The direction was outstanding and visuals were unforgettable.,1
"Boring, uninspired, and ridiculously shallow. Do not waste your money on this garbage.",0
Sensational performance and brilliant screenplay. Extremely outstanding and magical experience.,1
Highly recommended! A breathtaking watch with brilliant emotion and compelling pacing.,1
"Utter disaster of a project. Clunky mechanics, abysmal visuals, and atrocious sound design.",0
"Boring, uninspired, and ridiculously dreadful. Do not waste your money on this garbage.",0
This movie was absolutely masterful! The acting by the lead cast was delightful and story was thrilling.,1
"Boring, uninspired, and ridiculously atrocious. Do not waste your money on this garbage.",0
"Enchanting score, top-tier cinematography, and an utterly masterful performance.",1
"Enchanting score, top-tier cinematography, and an utterly wonderful performance.",1
"Utter disaster of a project. Clunky mechanics, dreadful visuals, and atrocious sound design.",0
"Enchanting score, top-tier cinematography, and an utterly spectacular performance.",1
"Exceptional quality, sleek design, and unbelievably brilliant user experience. Would buy again!",1
Sensational performance and brilliant screenplay. Extremely fantastic and top-notch experience.,1
Disappointing from start to finish. Tedious narrative and pathetic acting choices.,0
I deeply regret watching this. The direction was pathetic and characters were totally irritating.,0
The product exceeded all my expectations. Superb build quality and brilliant performance.,1
"Enchanting score, top-tier cinematography, and an utterly brilliant performance.",1
Highly recommended! A breathtaking watch with stunning emotion and inspiring pacing.,1
Outstanding customer service and remarkably fast delivery. Totally stunning value for money.,1
"Exceptional quality, sleek design, and unbelievably captivating user experience. Would buy again!",1
I deeply regret watching this. The direction was pathetic and characters were totally painful.,0
This movie was absolutely phenomenal! The acting by the lead cast was inspiring and story was thrilling.,1
I deeply regret watching this. The direction was disastrous and characters were totally irritating.,0
Dreadful film with awful dialogue. Horribly dreadful pacing and overall a huge disappointment.,0
An astonishing masterpiece of contemporary cinema. The direction was phenomenal and visuals were flawless.,1
An astonishing masterpiece of contemporary cinema. The direction was spectacular and visuals were unforgettable.,1
This movie was absolutely outstanding! The acting by the lead cast was magical and story was thrilling.,1
What a total waste of time and money! The plot was disastrous and acting was completely pointless.,0
This movie was absolutely spectacular! The acting by the lead cast was heartwarming and story was thrilling.,1
Flawless execution and impressive depth. A brilliant victory for modern storytelling.,1
The product exceeded all my expectations. Superb build quality and captivating performance.,1
This movie was absolutely brilliant! The acting by the lead cast was top-notch and story was thrilling.,1
Disappointing from start to finish. Tedious narrative and dreadful acting choices.,0
"Boring, uninspired, and ridiculously atrocious. Do not waste your money on this garbage.",0
I loved every single minute of this film! Truly captivating storyline with flawless execution.,1
An astonishing masterpiece of contemporary cinema. The direction was fantastic and visuals were flawless.,1
"Terrible experience. The script was absurdly monotonous, predictable, and painfully painful.",0
Cheap quality and broke after two days of use. Extremely clunky and painful.,0
"Exceptional quality, sleek design, and unbelievably brilliant user experience. Would buy again!",1
"Exceptional quality, sleek design, and unbelievably brilliant user experience. Would buy again!",1
Dreadful film with awful dialogue. Horribly shallow pacing and overall a huge disappointment.,0
Sensational performance and brilliant screenplay. Extremely brilliant and inspiring experience.,1
I deeply regret watching this. The direction was pathetic and characters were totally painful.,0
"Utter disaster of a project. Clunky mechanics, monotonous visuals, and atrocious sound design.",0
Highly recommended! A breathtaking watch with spectacular emotion and delightful pacing.,1
Flawless execution and impressive depth. A stunning victory for modern storytelling.,1
I deeply regret watching this. The direction was atrocious and characters were totally unbearable.,0
Outstanding customer service and remarkably fast delivery. Totally masterful value for money.,1
Cheap quality and broke after two days of use. Extremely dreadful and flawed.,0
Outstanding customer service and remarkably fast delivery. Totally captivating value for money.,1
What a total waste of time and money! The plot was horrible and acting was completely flawed.,0
I loved every single minute of this film! Truly stunning storyline with delightful execution.,1
This movie was absolutely wonderful! The acting by the lead cast was unforgettable and story was thrilling.,1
Flawless execution and impressive depth. A stunning victory for modern storytelling.,1
Outstanding customer service and remarkably fast delivery. Totally fantastic value for money.,1
"Exceptional quality, sleek design, and unbelievably outstanding user experience. Would buy again!",1
"Utter disaster of a project. Clunky mechanics, dreadful visuals, and atrocious sound design.",0
An astonishing masterpiece of contemporary cinema. The direction was spectacular and visuals were compelling.,1
Sensational performance and brilliant screenplay. Extremely brilliant and compelling experience.,1
Highly recommended! A breathtaking watch with stunning emotion and delightful pacing.,1
I loved every single minute of this film! Truly phenomenal storyline with unforgettable execution.,1
Disappointing from start to finish. Tedious narrative and ridiculous acting choices.,0
"Frustrating user interface, constant crashes, and completely ridiculous customer support.",0
I loved every single minute of this film! Truly brilliant storyline with inspiring execution.,1
"Terrible experience. The script was absurdly dreadful, predictable, and painfully irritating.",0
"Enchanting score, top-tier cinematography, and an utterly superb performance.",1
"Enchanting score, top-tier cinematography, and an utterly fantastic performance.",1
"Exceptional quality, sleek design, and unbelievably captivating user experience. Would buy again!",1
"Enchanting score, top-tier cinematography, and an utterly superb performance.",1
Flawless execution and impressive depth. A masterful victory for modern storytelling.,1
An astonishing masterpiece of contemporary cinema. The direction was wonderful and visuals were top-notch.,1
I loved every single minute of this film! Truly spectacular storyline with top-notch execution.,1
"Enchanting score, top-tier cinematography, and an utterly masterful performance.",1
Dreadful film with awful dialogue. Horribly dreadful pacing and overall a huge disappointment.,0
I deeply regret watching this. The direction was dreadful and characters were totally pointless.,0
"Frustrating user interface, constant crashes, and completely dreadful customer support.",0
"Enchanting score, top-tier cinematography, and an utterly stunning performance.",1
Cheap quality and broke after two days of use. Extremely atrocious and unbearable.,0
Highly recommended! A breathtaking watch with superb emotion and magical pacing.,1
An astonishing masterpiece of contemporary cinema. The direction was stunning and visuals were compelling.,1
What a total waste of time and money! The plot was abysmal and acting was completely irritating.,0
Sensational performance and brilliant screenplay. Extremely stunning and magical experience.,1
Cheap quality and broke after two days of use. Extremely ridiculous and irritating.,0
Sensational performance and brilliant screenplay. Extremely brilliant and inspiring experience.,1
Dreadful film with awful dialogue. Horribly shallow pacing and overall a huge disappointment.,0
I deeply regret watching this. The direction was ridiculous and characters were totally unbearable.,0
"Exceptional quality, sleek design, and unbelievably superb user experience. Would buy again!",1
Dreadful film with awful dialogue. Horribly atrocious pacing and overall a huge disappointment.,0
This movie was absolutely outstanding! The acting by the lead cast was flawless and story was thrilling.,1
Disappointing from start to finish. Tedious narrative and horrible acting choices.,0
Disappointing from start to finish. Tedious narrative and pathetic acting choices.,0
The product exceeded all my expectations. Superb build quality and outstanding performance.,1
Unacceptable quality control. The product felt atrocious and performance was miserably worthless.,0
An astonishing masterpiece of contemporary cinema. The direction was stunning and visuals were flawless.,1
"Terrible experience. The script was absurdly atrocious, predictable, and painfully pointless.",0
Dreadful film with awful dialogue. Horribly pathetic pacing and overall a huge disappointment.,0
"Frustrating user interface, constant crashes, and completely monotonous customer support.",0
Cheap quality and broke after two days of use. Extremely clunky and worthless.,0
"Terrible experience. The script was absurdly monotonous, predictable, and painfully frustrating.",0
I deeply regret watching this. The direction was shallow and characters were totally painful.,0
Unacceptable quality control. The product felt ridiculous and performance was miserably worthless.,0
Flawless execution and impressive depth. A spectacular victory for modern storytelling.,1
Highly recommended! A breathtaking watch with masterful emotion and compelling pacing.,1
What a total waste of time and money! The plot was clunky and acting was completely unbearable.,0
Disappointing from start to finish. Tedious narrative and atrocious acting choices.,0
Disappointing from start to finish. Tedious narrative and monotonous acting choices.,0
Unacceptable quality control. The product felt disastrous and performance was miserably flawed.,0
Dreadful film with awful dialogue. Horribly monotonous pacing and overall a huge disappointment.,0
Cheap quality and broke after two days of use. Extremely atrocious and worthless.,0
Disappointing from start to finish. Tedious narrative and dreadful acting choices.,0
"Utter disaster of a project. Clunky mechanics, pathetic visuals, and atrocious sound design.",0
Unacceptable quality control. The product felt atrocious and performance was miserably pointless.,0
Dreadful film with awful dialogue. Horribly monotonous pacing and overall a huge disappointment.,0
Outstanding customer service and remarkably fast delivery. Totally superb value for money.,1
"Terrible experience. The script was absurdly monotonous, predictable, and painfully pointless.",0
I loved every single minute of this film! Truly brilliant storyline with magical execution.,1
I deeply regret watching this. The direction was atrocious and characters were totally flat.,0
I loved every single minute of this film! Truly masterful storyline with top-notch execution.,1
Cheap quality and broke after two days of use. Extremely pathetic and painful.,0
The product exceeded all my expectations. Superb build quality and captivating performance.,1
Outstanding customer service and remarkably fast delivery. Totally phenomenal value for money.,1
Flawless execution and impressive depth. A brilliant victory for modern storytelling.,1
"Frustrating user interface, constant crashes, and completely monotonous customer support.",0
Cheap quality and broke after two days of use. Extremely disastrous and unbearable.,0
I deeply regret watching this. The direction was pathetic and characters were totally unbearable.,0
"Exceptional quality, sleek design, and unbelievably outstanding user experience. Would buy again!",1
"Utter disaster of a project. Clunky mechanics, dreadful visuals, and atrocious sound design.",0
Sensational performance and brilliant screenplay. Extremely wonderful and top-notch experience.,1
Disappointing from start to finish. Tedious narrative and atrocious acting choices.,0
I deeply regret watching this. The direction was clunky and characters were totally frustrating.,0
Disappointing from start to finish. Tedious narrative and horrible acting choices.,0
"Exceptional quality, sleek design, and unbelievably brilliant user experience. Would buy again!",1
Disappointing from start to finish. Tedious narrative and horrible acting choices.,0
What a total waste of time and money! The plot was shallow and acting was completely worthless.,0
I loved every single minute of this film! Truly stunning storyline with magical execution.,1
Highly recommended! A breathtaking watch with spectacular emotion and inspiring pacing.,1
This movie was absolutely spectacular! The acting by the lead cast was heartwarming and story was thrilling.,1
An astonishing masterpiece of contemporary cinema. The direction was spectacular and visuals were top-notch.,1
I loved every single minute of this film! Truly outstanding storyline with unforgettable execution.,1
"Exceptional quality, sleek design, and unbelievably outstanding user experience. Would buy again!",1
An astonishing masterpiece of contemporary cinema. The direction was spectacular and visuals were magical.,1
I loved every single minute of this film! Truly spectacular storyline with flawless execution.,1
Unacceptable quality control. The product felt clunky and performance was miserably frustrating.,0
Disappointing from start to finish. Tedious narrative and monotonous acting choices.,0
"Exceptional quality, sleek design, and unbelievably masterful user experience. Would buy again!",1
Dreadful film with awful dialogue. Horribly abysmal pacing and overall a huge disappointment.,0
This movie was absolutely captivating! The acting by the lead cast was inspiring and story was thrilling.,1
"Terrible experience. The script was absurdly shallow, predictable, and painfully irritating.",0
Outstanding customer service and remarkably fast delivery. Totally wonderful value for money.,1
Unacceptable quality control. The product felt clunky and performance was miserably unbearable.,0
"Boring, uninspired, and ridiculously clunky. Do not waste your money on this garbage.",0
I loved every single minute of this film! Truly phenomenal storyline with magical execution.,1
Cheap quality and broke after two days of use. Extremely monotonous and frustrating.,0
Unacceptable quality control. The product felt monotonous and performance was miserably irritating.,0
"Boring, uninspired, and ridiculously clunky. Do not waste your money on this garbage.",0
"Boring, uninspired, and ridiculously horrible. Do not waste your money on this garbage.",0
Highly recommended! A breathtaking watch with captivating emotion and magical pacing.,1
Outstanding customer service and remarkably fast delivery. Totally wonderful value for money.,1
Flawless execution and impressive depth. A wonderful victory for modern storytelling.,1
Flawless execution and impressive depth. A wonderful victory for modern storytelling.,1
I loved every single minute of this film! Truly superb storyline with magical execution.,1
"Frustrating user interface, constant crashes, and completely ridiculous customer support.",0
This movie was absolutely superb! The acting by the lead cast was compelling and story was thrilling.,1
"Boring, uninspired, and ridiculously dreadful. Do not waste your money on this garbage.",0
"Boring, uninspired, and ridiculously ridiculous. Do not waste your money on this garbage.",0
Cheap quality and broke after two days of use. Extremely ridiculous and flawed.,0
Highly recommended! A breathtaking watch with brilliant emotion and delightful pacing.,1
Sensational performance and brilliant screenplay. Extremely wonderful and delightful experience.,1
Disappointing from start to finish. Tedious narrative and dreadful acting choices.,0
"Frustrating user interface, constant crashes, and completely disastrous customer support.",0
Cheap quality and broke after two days of use. Extremely abysmal and pointless.,0
"Terrible experience. The script was absurdly dreadful, predictable, and painfully pointless.",0
Unacceptable quality control. The product felt shallow and performance was miserably frustrating.,0
"Boring, uninspired, and ridiculously abysmal. Do not waste your money on this garbage.",0
I deeply regret watching this. The direction was disastrous and characters were totally irritating.,0
Cheap quality and broke after two days of use. Extremely abysmal and painful.,0
"Enchanting score, top-tier cinematography, and an utterly outstanding performance.",1
I deeply regret watching this. The direction was abysmal and characters were totally flawed.,0
Sensational performance and brilliant screenplay. Extremely spectacular and inspiring experience.,1
"Boring, uninspired, and ridiculously shallow. Do not waste your money on this garbage.",0
"Terrible experience. The script was absurdly atrocious, predictable, and painfully unbearable.",0
"Boring, uninspired, and ridiculously dreadful. Do not waste your money on this garbage.",0
"Exceptional quality, sleek design, and unbelievably masterful user experience. Would buy again!",1
"Utter disaster of a project. Clunky mechanics, disastrous visuals, and atrocious sound design.",0
Highly recommended! A breathtaking watch with phenomenal emotion and flawless pacing.,1
This movie was absolutely brilliant! The acting by the lead cast was heartwarming and story was thrilling.,1
The product exceeded all my expectations. Superb build quality and brilliant performance.,1
The product exceeded all my expectations. Superb build quality and fantastic performance.,1
"Boring, uninspired, and ridiculously atrocious. Do not waste your money on this garbage.",0
Highly recommended! A breathtaking watch with superb emotion and delightful pacing.,1
Outstanding customer service and remarkably fast delivery. Totally masterful value for money.,1
Flawless execution and impressive depth. A phenomenal victory for modern storytelling.,1
"Terrible experience. The script was absurdly horrible, predictable, and painfully frustrating.",0
I loved every single minute of this film! Truly spectacular storyline with top-notch execution.,1
Flawless execution and impressive depth. A spectacular victory for modern storytelling.,1
I loved every single minute of this film! Truly wonderful storyline with flawless execution.,1
"Boring, uninspired, and ridiculously atrocious. Do not waste your money on this garbage.",0
Flawless execution and impressive depth. A stunning victory for modern storytelling.,1
